config,group,case,target,mode,policy,n,latency_mean,latency_p95,paired_reduction_pct,ci95_low,ci95_high,tasks,sram_high_water_bytes,search_unique,search_budget_exhausted
qwen35_full_decode__two_core__deterministic,main,qwen35_full_decode,two_core,deterministic,S8,32,8460.75,8460.75,-7.3426795229637145,-7.3426795229637145,-7.3426795229637145,32,148736,150,True
qwen35_full_decode__two_core__deterministic,main,qwen35_full_decode,two_core,deterministic,S,32,7882.0,7882.0,0.0,0.0,0.0,32,148736,150,True
qwen35_full_decode__two_core__deterministic,main,qwen35_full_decode,two_core,deterministic,B0,32,8460.75,8460.75,-7.3426795229637145,-7.3426795229637145,-7.3426795229637145,32,148736,150,True
qwen35_full_decode__two_core__deterministic,main,qwen35_full_decode,two_core,deterministic,B2,32,8506.75,8506.75,-7.926287744227354,-7.926287744227354,-7.926287744227354,32,148736,150,True
qwen35_full_decode__two_core__deterministic,main,qwen35_full_decode,two_core,deterministic,B8,32,8644.75,8644.75,-9.677112408018269,-9.677112408018269,-9.677112408018269,32,148736,150,True
qwen35_full_decode__two_core__deterministic,main,qwen35_full_decode,two_core,deterministic,H2,32,8506.75,8506.75,-7.926287744227354,-7.926287744227354,-7.926287744227354,32,148736,150,True
qwen35_full_decode__two_core__service,main,qwen35_full_decode,two_core,service,S8,32,8887.747386912355,10257.593196578113,-6.902822315192692,-7.134542207950323,-6.671102422435061,32,148736,150,True
qwen35_full_decode__two_core__service,main,qwen35_full_decode,two_core,service,S,32,8318.54521197394,9673.745089514572,0.0,0.0,0.0,32,148736,150,True
qwen35_full_decode__two_core__service,main,qwen35_full_decode,two_core,service,B0,32,8882.57938484923,10257.593196578113,-6.8324157430036925,-7.074822693468186,-6.590008792539199,32,148736,150,True
qwen35_full_decode__two_core__service,main,qwen35_full_decode,two_core,service,B2,32,8928.57938484923,10303.593196578113,-7.391262040847865,-7.648631926282428,-7.133892155413302,32,148736,150,True
qwen35_full_decode__two_core__service,main,qwen35_full_decode,two_core,service,B8,32,9066.57938484923,10441.593196578113,-9.067800934380383,-9.37384621511685,-8.761755653643917,32,148736,150,True
qwen35_full_decode__two_core__service,main,qwen35_full_decode,two_core,service,H2,32,8928.57938484923,10303.593196578113,-7.391262040847865,-7.648631926282428,-7.133892155413302,32,148736,150,True
qwen35_full_decode__two_core__calendar,main,qwen35_full_decode,two_core,calendar,S8,32,12409.542429008234,12506.8125,-4.361134134811654,-4.516709584952092,-4.2055586846712165,32,148736,150,True
qwen35_full_decode__two_core__calendar,main,qwen35_full_decode,two_core,calendar,S,32,11890.96426448525,11936.5,0.0,0.0,0.0,32,148736,150,True
qwen35_full_decode__two_core__calendar,main,qwen35_full_decode,two_core,calendar,B0,32,12409.542429008234,12506.8125,-4.361134134811654,-4.516709584952092,-4.2055586846712165,32,148736,150,True
qwen35_full_decode__two_core__calendar,main,qwen35_full_decode,two_core,calendar,B2,32,12485.575831136453,12560.825971129681,-5.001588673100008,-5.210772078251419,-4.792405267948596,32,148736,150,True
qwen35_full_decode__two_core__calendar,main,qwen35_full_decode,two_core,calendar,B8,32,12664.636158004916,12692.014008153341,-6.506660212488934,-6.565458076370714,-6.4478623486071545,32,148736,150,True
qwen35_full_decode__two_core__calendar,main,qwen35_full_decode,two_core,calendar,H2,32,12485.575831136453,12560.825971129681,-5.001588673100008,-5.210772078251419,-4.792405267948596,32,148736,150,True
qwen35_full_decode__two_core__combined,main,qwen35_full_decode,two_core,combined,S8,32,13143.447759727933,15271.671327411732,-4.365615991066067,-4.655234070303623,-4.075997911828511,32,148736,150,True
qwen35_full_decode__two_core__combined,main,qwen35_full_decode,two_core,combined,S,32,12600.94891403132,14857.245089514574,0.0,0.0,0.0,32,148736,150,True
qwen35_full_decode__two_core__combined,main,qwen35_full_decode,two_core,combined,B0,32,13143.985831067857,15272.421327419233,-4.3704420202529395,-4.659064631414611,-4.081819409091268,32,148736,150,True
qwen35_full_decode__two_core__combined,main,qwen35_full_decode,two_core,combined,B2,32,13199.21294009596,15381.0260440354,-4.815011355789007,-5.0785293590954135,-4.551493352482601,32,148736,150,True
qwen35_full_decode__two_core__combined,main,qwen35_full_decode,two_core,combined,B8,32,13338.56932502455,15655.76874210151,-5.916218129962944,-6.149293802013375,-5.683142457912513,32,148736,150,True
qwen35_full_decode__two_core__combined,main,qwen35_full_decode,two_core,combined,H2,32,13199.21294009596,15381.0260440354,-4.815011355789007,-5.0785293590954135,-4.551493352482601,32,148736,150,True
qwen35_full_decode__dma16__service,hardware_sensitivity,qwen35_full_decode,dma16,service,S8,32,15933.152310921061,18685.062556819237,-3.7827225601107024,-3.933133291413037,-3.632311828808368,32,148736,150,True
qwen35_full_decode__dma16__service,hardware_sensitivity,qwen35_full_decode,dma16,service,S,32,15359.422962258917,18104.253639346643,0.0,0.0,0.0,32,148736,150,True
qwen35_full_decode__dma16__service,hardware_sensitivity,qwen35_full_decode,dma16,service,B0,32,15933.152310921061,18685.062556819237,-3.7827225601107024,-3.933133291413036,-3.6323118288083687,32,148736,150,True
qwen35_full_decode__dma16__service,hardware_sensitivity,qwen35_full_decode,dma16,service,B2,32,15979.152310921061,18731.062556819237,-4.08610713743651,-4.2488238493030845,-3.923390425569936,32,148736,150,True
qwen35_full_decode__dma16__service,hardware_sensitivity,qwen35_full_decode,dma16,service,B8,32,16117.152310921061,18869.062556819237,-4.996260869413934,-5.195920913296347,-4.796600825531521,32,148736,150,True
qwen35_full_decode__dma16__service,hardware_sensitivity,qwen35_full_decode,dma16,service,H2,32,15979.152310921061,18731.062556819237,-4.08610713743651,-4.2488238493030845,-3.923390425569936,32,148736,150,True
qwen35_full_decode__dma64__service,hardware_sensitivity,qwen35_full_decode,dma64,service,S8,32,5486.6827103585965,6167.038385225631,-9.071726287230064,-9.747349582282927,-8.3961029921772,32,148736,150,True
qwen35_full_decode__dma64__service,hardware_sensitivity,qwen35_full_decode,dma64,service,S,32,5031.204417950633,5626.519495283954,0.0,0.0,0.0,32,148736,150,True
qwen35_full_decode__dma64__service,hardware_sensitivity,qwen35_full_decode,dma64,service,B0,32,5487.0889603585965,6167.038385225631,-9.07971132398484,-9.755979259275486,-8.403443388694194,32,148736,150,True
qwen35_full_decode__dma64__service,hardware_sensitivity,qwen35_full_decode,dma64,service,B2,32,5533.0889603585965,6213.038385225631,-9.998495285742992,-10.678817969188287,-9.318172602297697,32,148736,150,True
qwen35_full_decode__dma64__service,hardware_sensitivity,qwen35_full_decode,dma64,service,B8,32,5671.0889603585965,6351.038385225631,-12.754847171017452,-13.45169609675237,-12.057998245282535,32,148736,150,True
qwen35_full_decode__dma64__service,hardware_sensitivity,qwen35_full_decode,dma64,service,H2,32,5533.0889603585965,6213.038385225631,-9.998495285742992,-10.678817969188287,-9.318172602297697,32,148736,150,True
qwen35_full_decode__sram_one_port__service,hardware_sensitivity,qwen35_full_decode,sram_one_port,service,S8,32,10954.249145835684,12325.245089514572,0.0,0.0,0.0,32,148736,152,True
qwen35_full_decode__sram_one_port__service,hardware_sensitivity,qwen35_full_decode,sram_one_port,service,S,32,10954.249145835684,12325.245089514572,0.0,0.0,0.0,32,148736,152,True
qwen35_full_decode__sram_one_port__service,hardware_sensitivity,qwen35_full_decode,sram_one_port,service,B0,32,10954.249145835685,12325.245089514572,-2.6611798312434314e-15,-5.253075854266865e-15,-6.9283808219998e-17,32,148736,152,True
qwen35_full_decode__sram_one_port__service,hardware_sensitivity,qwen35_full_decode,sram_one_port,service,B2,32,11018.249145835685,12389.245089514572,-0.5879415017460806,-0.604507292478986,-0.5713757110131752,32,148736,152,True
qwen35_full_decode__sram_one_port__service,hardware_sensitivity,qwen35_full_decode,sram_one_port,service,B8,32,11210.249145835685,12581.245089514572,-2.351766006984314,-2.418029169915935,-2.285502844052693,32,148736,152,True
qwen35_full_decode__sram_one_port__service,hardware_sensitivity,qwen35_full_decode,sram_one_port,service,H2,32,11018.249145835685,12389.245089514572,-0.5879415017460806,-0.604507292478986,-0.5713757110131752,32,148736,152,True
qwen35_full_decode__one_operand_slot__service,hardware_sensitivity,qwen35_full_decode,one_operand_slot,service,S8,32,8497.342607085095,9791.245089514572,-0.7333914293027497,-0.8139009598122827,-0.6528818987932167,32,102656,139,True
qwen35_full_decode__one_operand_slot__service,hardware_sensitivity,qwen35_full_decode,one_operand_slot,service,S,32,8435.510195464785,9733.288443842008,0.0,0.0,0.0,32,102656,139,True
qwen35_full_decode__one_operand_slot__service,hardware_sensitivity,qwen35_full_decode,one_operand_slot,service,B0,32,8497.342607085095,9791.245089514572,-0.7333914293027497,-0.8139009598122827,-0.6528818987932167,32,102656,139,True
qwen35_full_decode__one_operand_slot__service,hardware_sensitivity,qwen35_full_decode,one_operand_slot,service,B2,32,8530.030107085095,9823.245089514572,-1.1249990748533492,-1.2061446462656467,-1.0438535034410517,32,102656,139,True
qwen35_full_decode__one_operand_slot__service,hardware_sensitivity,qwen35_full_decode,one_operand_slot,service,B8,32,8628.092607085095,9919.245089514572,-2.2998220115051478,-2.398813171025179,-2.2008308519851165,32,102656,139,True
qwen35_full_decode__one_operand_slot__service,hardware_sensitivity,qwen35_full_decode,one_operand_slot,service,H2,32,8530.030107085095,9823.245089514572,-1.1249990748533492,-1.2061446462656467,-1.0438535034410517,32,102656,139,True
qwen35_full_decode__four_operand_slots__service,hardware_sensitivity,qwen35_full_decode,four_operand_slots,service,S8,32,8799.929893971144,10159.995089514572,-5.357277929025621,-5.553121651228467,-5.161434206822775,32,171456,152,True
qwen35_full_decode__four_operand_slots__service,hardware_sensitivity,qwen35_full_decode,four_operand_slots,service,S,32,8356.502619770268,9713.245089514572,0.0,0.0,0.0,32,171456,152,True
qwen35_full_decode__four_operand_slots__service,hardware_sensitivity,qwen35_full_decode,four_operand_slots,service,B0,32,8794.342895835685,10162.995089514572,-5.2802414378059215,-5.4694789657958784,-5.0910039098159645,32,171456,152,True
qwen35_full_decode__four_operand_slots__service,hardware_sensitivity,qwen35_full_decode,four_operand_slots,service,B2,32,8838.467895835685,10206.995089514572,-5.814088535398983,-6.017428511987174,-5.6107485588107915,32,171456,152,True
qwen35_full_decode__four_operand_slots__service,hardware_sensitivity,qwen35_full_decode,four_operand_slots,service,B8,32,8970.842895835685,10338.995089514572,-7.415629828178166,-7.666623559495623,-7.1646360968607095,32,171456,152,True
qwen35_full_decode__four_operand_slots__service,hardware_sensitivity,qwen35_full_decode,four_operand_slots,service,H2,32,8838.467895835685,10206.995089514572,-5.814088535398983,-6.017428511987174,-5.6107485588107915,32,171456,152,True
qwen35_full_decode__sram2MiB__service,hardware_sensitivity,qwen35_full_decode,sram2MiB,service,S8,32,8887.747386912355,10257.593196578113,-6.902822315192692,-7.134542207950323,-6.671102422435061,32,148736,150,True
qwen35_full_decode__sram2MiB__service,hardware_sensitivity,qwen35_full_decode,sram2MiB,service,S,32,8318.54521197394,9673.745089514572,0.0,0.0,0.0,32,148736,150,True
qwen35_full_decode__sram2MiB__service,hardware_sensitivity,qwen35_full_decode,sram2MiB,service,B0,32,8882.57938484923,10257.593196578113,-6.8324157430036925,-7.074822693468186,-6.590008792539199,32,148736,150,True
qwen35_full_decode__sram2MiB__service,hardware_sensitivity,qwen35_full_decode,sram2MiB,service,B2,32,8928.57938484923,10303.593196578113,-7.391262040847865,-7.648631926282428,-7.133892155413302,32,148736,150,True
qwen35_full_decode__sram2MiB__service,hardware_sensitivity,qwen35_full_decode,sram2MiB,service,B8,32,9066.57938484923,10441.593196578113,-9.067800934380383,-9.37384621511685,-8.761755653643917,32,148736,150,True
qwen35_full_decode__sram2MiB__service,hardware_sensitivity,qwen35_full_decode,sram2MiB,service,H2,32,8928.57938484923,10303.593196578113,-7.391262040847865,-7.648631926282428,-7.133892155413302,32,148736,150,True
qwen35_full_decode__sram8MiB__service,hardware_sensitivity,qwen35_full_decode,sram8MiB,service,S8,32,8887.747386912355,10257.593196578113,-6.902822315192692,-7.134542207950323,-6.671102422435061,32,148736,150,True
qwen35_full_decode__sram8MiB__service,hardware_sensitivity,qwen35_full_decode,sram8MiB,service,S,32,8318.54521197394,9673.745089514572,0.0,0.0,0.0,32,148736,150,True
qwen35_full_decode__sram8MiB__service,hardware_sensitivity,qwen35_full_decode,sram8MiB,service,B0,32,8882.57938484923,10257.593196578113,-6.8324157430036925,-7.074822693468186,-6.590008792539199,32,148736,150,True
qwen35_full_decode__sram8MiB__service,hardware_sensitivity,qwen35_full_decode,sram8MiB,service,B2,32,8928.57938484923,10303.593196578113,-7.391262040847865,-7.648631926282428,-7.133892155413302,32,148736,150,True
qwen35_full_decode__sram8MiB__service,hardware_sensitivity,qwen35_full_decode,sram8MiB,service,B8,32,9066.57938484923,10441.593196578113,-9.067800934380383,-9.37384621511685,-8.761755653643917,32,148736,150,True
qwen35_full_decode__sram8MiB__service,hardware_sensitivity,qwen35_full_decode,sram8MiB,service,H2,32,8928.57938484923,10303.593196578113,-7.391262040847865,-7.648631926282428,-7.133892155413302,32,148736,150,True
qwen35_linear_decode__two_core__deterministic,main,qwen35_linear_decode,two_core,deterministic,S8,32,9788.5,9788.5,-6.379394663913493,-6.379394663913493,-6.379394663913493,30,196032,152,True
qwen35_linear_decode__two_core__deterministic,main,qwen35_linear_decode,two_core,deterministic,S,32,9201.5,9201.5,0.0,0.0,0.0,30,196032,152,True
qwen35_linear_decode__two_core__deterministic,main,qwen35_linear_decode,two_core,deterministic,B0,32,9788.5,9788.5,-6.379394663913493,-6.379394663913493,-6.379394663913493,30,196032,152,True
qwen35_linear_decode__two_core__deterministic,main,qwen35_linear_decode,two_core,deterministic,B2,32,9824.5,9824.5,-6.7706352225180675,-6.7706352225180675,-6.7706352225180675,30,196032,152,True
qwen35_linear_decode__two_core__deterministic,main,qwen35_linear_decode,two_core,deterministic,B8,32,9932.5,9932.5,-7.944356898331794,-7.944356898331794,-7.944356898331794,30,196032,152,True
qwen35_linear_decode__two_core__deterministic,main,qwen35_linear_decode,two_core,deterministic,H2,32,9824.5,9824.5,-6.7706352225180675,-6.7706352225180675,-6.7706352225180675,30,196032,152,True
qwen35_linear_decode__two_core__service,main,qwen35_linear_decode,two_core,service,S8,32,9864.569703219218,11756.17088389384,-5.129721677471462,-5.633647600333557,-4.625795754609367,30,196032,152,True
qwen35_linear_decode__two_core__service,main,qwen35_linear_decode,two_core,service,S,32,9386.91919199558,11477.838113974345,0.0,0.0,0.0,30,196032,152,True
qwen35_linear_decode__two_core__service,main,qwen35_linear_decode,two_core,service,B0,32,9864.538453219218,11756.17088389384,-5.1293310612080125,-5.6334074948495525,-4.6252546275664725,30,196032,152,True
qwen35_linear_decode__two_core__service,main,qwen35_linear_decode,two_core,service,B2,32,9900.75526429053,11792.17088389384,-5.519658895667791,-6.0264997387608785,-5.012818052574704,30,196032,152,True
qwen35_linear_decode__two_core__service,main,qwen35_linear_decode,two_core,service,B8,32,10009.535299550682,11900.17088389384,-6.692173986846024,-7.20955046257754,-6.174797511114508,30,196032,152,True
qwen35_linear_decode__two_core__service,main,qwen35_linear_decode,two_core,service,H2,32,9900.75526429053,11792.17088389384,-5.519658895667791,-6.0264997387608785,-5.012818052574704,30,196032,152,True
qwen35_linear_decode__two_core__calendar,main,qwen35_linear_decode,two_core,calendar,S8,32,14306.898637801418,14387.327052367868,-3.99566289753029,-4.0648905811392515,-3.926435213921328,30,196032,152,True
qwen35_linear_decode__two_core__calendar,main,qwen35_linear_decode,two_core,calendar,S,32,13757.208637358533,13807.500000000004,0.0,0.0,0.0,30,196032,152,True
qwen35_linear_decode__two_core__calendar,main,qwen35_linear_decode,two_core,calendar,B0,32,14306.898637801418,14387.327052367868,-3.99566289753029,-4.0648905811392515,-3.926435213921328,30,196032,152,True
qwen35_linear_decode__two_core__calendar,main,qwen35_linear_decode,two_core,calendar,B2,32,14339.803547040236,14411.561206522672,-4.234949788859745,-4.328196050148067,-4.141703527571423,30,196032,152,True
qwen35_linear_decode__two_core__calendar,main,qwen35_linear_decode,two_core,calendar,B8,32,14416.755355718595,14484.452106961578,-4.7949989999829175,-4.947520450225317,-4.6424775497405175,30,196032,152,True
qwen35_linear_decode__two_core__calendar,main,qwen35_linear_decode,two_core,calendar,H2,32,14339.803547040236,14411.561206522672,-4.234949788859745,-4.328196050148067,-4.141703527571423,30,196032,152,True
qwen35_linear_decode__two_core__combined,main,qwen35_linear_decode,two_core,combined,S8,32,14385.109313548497,17397.627198190352,-4.330602209500042,-4.59398486467646,-4.067219554323624,30,196032,152,True
qwen35_linear_decode__two_core__combined,main,qwen35_linear_decode,two_core,combined,S,32,13795.733426899058,16876.297938228126,0.0,0.0,0.0,30,196032,152,True
qwen35_linear_decode__two_core__combined,main,qwen35_linear_decode,two_core,combined,B0,32,14385.109313548497,17397.627198190352,-4.330602209500042,-4.59398486467646,-4.067219554323624,30,196032,152,True
qwen35_linear_decode__two_core__combined,main,qwen35_linear_decode,two_core,combined,B2,32,14421.164914724313,17450.12719819035,-4.592078357931241,-4.851829156767002,-4.3323275590954795,30,196032,152,True
qwen35_linear_decode__two_core__combined,main,qwen35_linear_decode,two_core,combined,B8,32,14547.707390219788,17619.641720626656,-5.509466435662661,-5.799448736582544,-5.219484134742778,30,196032,152,True
qwen35_linear_decode__two_core__combined,main,qwen35_linear_decode,two_core,combined,H2,32,14421.164914724313,17450.12719819035,-4.592078357931241,-4.851829156767002,-4.3323275590954795,30,196032,152,True
qwen35_linear_decode__dma16__service,hardware_sensitivity,qwen35_linear_decode,dma16,service,S8,32,17312.46856008402,21079.56891822291,-3.6910643340993357,-3.8459787436561186,-3.5361499245425527,30,196032,152,True
qwen35_linear_decode__dma16__service,hardware_sensitivity,qwen35_linear_decode,dma16,service,S,32,16704.577710716938,20471.56891822291,0.0,0.0,0.0,30,196032,152,True
qwen35_linear_decode__dma16__service,hardware_sensitivity,qwen35_linear_decode,dma16,service,B0,32,17312.46856008402,21079.56891822291,-3.6910643340993357,-3.8459787436561186,-3.5361499245425527,30,196032,152,True
qwen35_linear_decode__dma16__service,hardware_sensitivity,qwen35_linear_decode,dma16,service,B2,32,17348.46856008402,21115.56891822291,-3.9096515227996798,-4.073732549866603,-3.7455704957327565,30,196032,152,True
qwen35_linear_decode__dma16__service,hardware_sensitivity,qwen35_linear_decode,dma16,service,B8,32,17456.46856008402,21223.56891822291,-4.565413088900713,-4.756994125712408,-4.373832052089018,30,196032,152,True
qwen35_linear_decode__dma16__service,hardware_sensitivity,qwen35_linear_decode,dma16,service,H2,32,17348.46856008402,21115.56891822291,-3.9096515227996798,-4.073732549866603,-3.7455704957327565,30,196032,152,True
qwen35_linear_decode__dma64__service,hardware_sensitivity,qwen35_linear_decode,dma64,service,S8,32,6199.973176370239,7103.971866729302,-0.09841781737513863,-0.12649957138070614,-0.07033606336957113,30,196032,152,True
qwen35_linear_decode__dma64__service,hardware_sensitivity,qwen35_linear_decode,dma64,service,S,32,6193.796194375326,7093.436155867912,0.0,0.0,0.0,30,196032,152,True
qwen35_linear_decode__dma64__service,hardware_sensitivity,qwen35_linear_decode,dma64,service,B0,32,6195.324181923381,7094.471866729302,-0.024746503687279195,-0.028066507480959617,-0.021426499893598773,30,196032,152,True
qwen35_linear_decode__dma64__service,hardware_sensitivity,qwen35_linear_decode,dma64,service,B2,32,6233.427502320621,7130.471866729302,-0.64426911998082,-0.6665056454909692,-0.6220325944706708,30,196032,152,True
qwen35_linear_decode__dma64__service,hardware_sensitivity,qwen35_linear_decode,dma64,service,B8,32,6348.41845062452,7238.471866729302,-2.5137757333033575,-2.6029064264436093,-2.4246450401631057,30,196032,152,True
qwen35_linear_decode__dma64__service,hardware_sensitivity,qwen35_linear_decode,dma64,service,H2,32,6233.427502320621,7130.471866729302,-0.64426911998082,-0.6665056454909692,-0.6220325944706708,30,196032,152,True
qwen35_linear_decode__sram_one_port__service,hardware_sensitivity,qwen35_linear_decode,sram_one_port,service,S8,32,11726.680564398996,13607.598969851811,-9.856938547887379e-16,-3.3222845593870393e-15,1.3508968498095634e-15,30,196032,152,True
qwen35_linear_decode__sram_one_port__service,hardware_sensitivity,qwen35_linear_decode,sram_one_port,service,S,32,11726.680564398996,13607.598969851811,0.0,0.0,0.0,30,196032,152,True
qwen35_linear_decode__sram_one_port__service,hardware_sensitivity,qwen35_linear_decode,sram_one_port,service,B0,32,11728.680564398996,13609.598969851811,-0.01717748038841052,-0.017687302399018928,-0.016667658377802114,30,196032,152,True
qwen35_linear_decode__sram_one_port__service,hardware_sensitivity,qwen35_linear_decode,sram_one_port,service,B2,32,11788.680564398996,13669.598969851811,-0.5325018920407658,-0.548306374369608,-0.5166974097119236,30,196032,152,True
qwen35_linear_decode__sram_one_port__service,hardware_sensitivity,qwen35_linear_decode,sram_one_port,service,B8,32,11968.680564398996,13849.598969851811,-2.0784751269978297,-2.1401635902813743,-2.016786663714285,30,196032,152,True
qwen35_linear_decode__sram_one_port__service,hardware_sensitivity,qwen35_linear_decode,sram_one_port,service,H2,32,11788.680564398996,13669.598969851811,-0.5325018920407658,-0.548306374369608,-0.5166974097119236,30,196032,152,True
qwen35_linear_decode__one_operand_slot__service,hardware_sensitivity,qwen35_linear_decode,one_operand_slot,service,S8,32,9723.111864948929,11527.593356662792,-2.7759661604129002,-2.8757884770665845,-2.676143843759216,30,126912,143,True
qwen35_linear_decode__one_operand_slot__service,hardware_sensitivity,qwen35_linear_decode,one_operand_slot,service,S,32,9463.063175856878,11268.856392416666,0.0,0.0,0.0,30,126912,143,True
qwen35_linear_decode__one_operand_slot__service,hardware_sensitivity,qwen35_linear_decode,one_operand_slot,service,B0,32,9718.202660727744,11519.47544460148,-2.7239557871153286,-2.8226374528724603,-2.625274121358197,30,126912,143,True
qwen35_linear_decode__one_operand_slot__service,hardware_sensitivity,qwen35_linear_decode,one_operand_slot,service,B2,32,9757.758078893414,11557.47544460148,-3.146746834667925,-3.262562420160751,-3.0309312491750986,30,126912,143,True
qwen35_linear_decode__one_operand_slot__service,hardware_sensitivity,qwen35_linear_decode,one_operand_slot,service,B8,32,9876.445578893414,11671.47544460148,-4.415343284852597,-4.58331646168859,-4.247370108016603,30,126912,143,True
qwen35_linear_decode__one_operand_slot__service,hardware_sensitivity,qwen35_linear_decode,one_operand_slot,service,H2,32,9757.758078893414,11557.47544460148,-3.146746834667925,-3.262562420160751,-3.0309312491750986,30,126912,143,True
qwen35_linear_decode__four_operand_slots__service,hardware_sensitivity,qwen35_linear_decode,four_operand_slots,service,S8,32,8601.963517554315,10275.218268026005,-0.9837797252386513,-1.1252659553337188,-0.8422934951435839,30,240832,152,True
qwen35_linear_decode__four_operand_slots__service,hardware_sensitivity,qwen35_linear_decode,four_operand_slots,service,S,32,8519.61109602096,10234.266199932317,0.0,0.0,0.0,30,240832,152,True
qwen35_linear_decode__four_operand_slots__service,hardware_sensitivity,qwen35_linear_decode,four_operand_slots,service,B0,32,8730.511300450404,10551.904053390826,-2.5286832128049195,-3.6691329574271054,-1.3882334681827335,30,240832,152,True
qwen35_linear_decode__four_operand_slots__service,hardware_sensitivity,qwen35_linear_decode,four_operand_slots,service,B2,32,8772.573800450404,10591.904053390826,-3.0284055570035098,-4.1786590555743786,-1.8781520584326408,30,240832,152,True
qwen35_linear_decode__four_operand_slots__service,hardware_sensitivity,qwen35_linear_decode,four_operand_slots,service,B8,32,8899.283841001816,10711.904053390826,-4.533526239875326,-5.713798540662632,-3.3532539390880203,30,240832,152,True
qwen35_linear_decode__four_operand_slots__service,hardware_sensitivity,qwen35_linear_decode,four_operand_slots,service,H2,32,8772.573800450404,10591.904053390826,-3.0284055570035098,-4.1786590555743786,-1.8781520584326408,30,240832,152,True
qwen35_linear_decode__sram2MiB__service,hardware_sensitivity,qwen35_linear_decode,sram2MiB,service,S8,32,9864.569703219218,11756.17088389384,-5.129721677471462,-5.633647600333557,-4.625795754609367,30,196032,152,True
qwen35_linear_decode__sram2MiB__service,hardware_sensitivity,qwen35_linear_decode,sram2MiB,service,S,32,9386.91919199558,11477.838113974345,0.0,0.0,0.0,30,196032,152,True
qwen35_linear_decode__sram2MiB__service,hardware_sensitivity,qwen35_linear_decode,sram2MiB,service,B0,32,9864.538453219218,11756.17088389384,-5.1293310612080125,-5.6334074948495525,-4.6252546275664725,30,196032,152,True
qwen35_linear_decode__sram2MiB__service,hardware_sensitivity,qwen35_linear_decode,sram2MiB,service,B2,32,9900.75526429053,11792.17088389384,-5.519658895667791,-6.0264997387608785,-5.012818052574704,30,196032,152,True
qwen35_linear_decode__sram2MiB__service,hardware_sensitivity,qwen35_linear_decode,sram2MiB,service,B8,32,10009.535299550682,11900.17088389384,-6.692173986846024,-7.20955046257754,-6.174797511114508,30,196032,152,True
qwen35_linear_decode__sram2MiB__service,hardware_sensitivity,qwen35_linear_decode,sram2MiB,service,H2,32,9900.75526429053,11792.17088389384,-5.519658895667791,-6.0264997387608785,-5.012818052574704,30,196032,152,True
qwen35_linear_decode__sram8MiB__service,hardware_sensitivity,qwen35_linear_decode,sram8MiB,service,S8,32,9864.569703219218,11756.17088389384,-5.129721677471462,-5.633647600333557,-4.625795754609367,30,196032,152,True
qwen35_linear_decode__sram8MiB__service,hardware_sensitivity,qwen35_linear_decode,sram8MiB,service,S,32,9386.91919199558,11477.838113974345,0.0,0.0,0.0,30,196032,152,True
qwen35_linear_decode__sram8MiB__service,hardware_sensitivity,qwen35_linear_decode,sram8MiB,service,B0,32,9864.538453219218,11756.17088389384,-5.1293310612080125,-5.6334074948495525,-4.6252546275664725,30,196032,152,True
qwen35_linear_decode__sram8MiB__service,hardware_sensitivity,qwen35_linear_decode,sram8MiB,service,B2,32,9900.75526429053,11792.17088389384,-5.519658895667791,-6.0264997387608785,-5.012818052574704,30,196032,152,True
qwen35_linear_decode__sram8MiB__service,hardware_sensitivity,qwen35_linear_decode,sram8MiB,service,B8,32,10009.535299550682,11900.17088389384,-6.692173986846024,-7.20955046257754,-6.174797511114508,30,196032,152,True
qwen35_linear_decode__sram8MiB__service,hardware_sensitivity,qwen35_linear_decode,sram8MiB,service,H2,32,9900.75526429053,11792.17088389384,-5.519658895667791,-6.0264997387608785,-5.012818052574704,30,196032,152,True
flux2_klein4b_double_scaled__two_core__deterministic,main,flux2_klein4b_double_scaled,two_core,deterministic,S8,32,13417.0625,13417.0625,-3.694239826107958,-3.694239826107958,-3.694239826107958,51,249152,151,True
flux2_klein4b_double_scaled__two_core__deterministic,main,flux2_klein4b_double_scaled,two_core,deterministic,S,32,12939.0625,12939.0625,0.0,0.0,0.0,51,249152,151,True
flux2_klein4b_double_scaled__two_core__deterministic,main,flux2_klein4b_double_scaled,two_core,deterministic,B0,32,13417.0625,13417.0625,-3.694239826107958,-3.694239826107958,-3.694239826107958,51,249152,151,True
flux2_klein4b_double_scaled__two_core__deterministic,main,flux2_klein4b_double_scaled,two_core,deterministic,B2,32,13473.0625,13473.0625,-4.127037797367468,-4.127037797367468,-4.127037797367468,51,249152,151,True
flux2_klein4b_double_scaled__two_core__deterministic,main,flux2_klein4b_double_scaled,two_core,deterministic,B8,32,13641.0625,13641.0625,-5.425431711145997,-5.425431711145997,-5.425431711145997,51,249152,151,True
flux2_klein4b_double_scaled__two_core__deterministic,main,flux2_klein4b_double_scaled,two_core,deterministic,H2,32,13473.0625,13473.0625,-4.127037797367468,-4.127037797367468,-4.127037797367468,51,249152,151,True
flux2_klein4b_double_scaled__two_core__service,main,flux2_klein4b_double_scaled,two_core,service,S8,32,13843.37133154104,15444.613471621706,-3.21164809371407,-3.6053564418807493,-2.817939745547391,51,249152,151,True
flux2_klein4b_double_scaled__two_core__service,main,flux2_klein4b_double_scaled,two_core,service,S,32,13415.891434686238,14767.013251445836,0.0,0.0,0.0,51,249152,151,True
flux2_klein4b_double_scaled__two_core__service,main,flux2_klein4b_double_scaled,two_core,service,B0,32,13842.16072297528,15444.613471621706,-3.1976642327277016,-3.5937328610912926,-2.8015956043641106,51,249152,151,True
flux2_klein4b_double_scaled__two_core__service,main,flux2_klein4b_double_scaled,two_core,service,B2,32,13891.766033803206,15488.613471621706,-3.571089763324623,-3.9740509374817523,-3.1681285891674933,51,249152,151,True
flux2_klein4b_double_scaled__two_core__service,main,flux2_klein4b_double_scaled,two_core,service,B8,32,14040.609783803206,15620.613471621706,-4.691634693523919,-5.121445814019415,-4.261823573028423,51,249152,151,True
flux2_klein4b_double_scaled__two_core__service,main,flux2_klein4b_double_scaled,two_core,service,H2,32,13887.599674985951,15488.613471621706,-3.54222636850062,-3.9608981738264486,-3.1235545631747916,51,249152,151,True
flux2_klein4b_double_scaled__two_core__calendar,main,flux2_klein4b_double_scaled,two_core,calendar,S8,32,18759.464615665456,18863.058137904,-1.2680934171076264,-1.3360438730571367,-1.200142961158116,51,249152,151,True
flux2_klein4b_double_scaled__two_core__calendar,main,flux2_klein4b_double_scaled,two_core,calendar,S,32,18524.567228284635,18609.85656899546,0.0,0.0,0.0,51,249152,151,True
flux2_klein4b_double_scaled__two_core__calendar,main,flux2_klein4b_double_scaled,two_core,calendar,B0,32,18763.01089418608,19011.462000622087,-1.2868637008610715,-1.4002264461000475,-1.1735009556220954,51,249152,151,True
flux2_klein4b_double_scaled__two_core__calendar,main,flux2_klein4b_double_scaled,two_core,calendar,B2,32,18821.86619592337,19052.791937216774,-1.6051668196644047,-1.7772371680476493,-1.43309647128116,51,249152,151,True
flux2_klein4b_double_scaled__two_core__calendar,main,flux2_klein4b_double_scaled,two_core,calendar,B8,32,19193.87646418955,19302.149446273357,-3.6130990521508184,-3.6763100534174273,-3.5498880508842094,51,249152,151,True
flux2_klein4b_double_scaled__two_core__calendar,main,flux2_klein4b_double_scaled,two_core,calendar,H2,32,18821.86619592337,19052.791937216774,-1.6051668196644047,-1.7772371680476493,-1.43309647128116,51,249152,151,True
flux2_klein4b_double_scaled__two_core__combined,main,flux2_klein4b_double_scaled,two_core,combined,S8,32,19283.941483497692,22305.137779001117,-1.390654132540684,-1.7087800577474388,-1.0725282073339293,51,249152,151,True
flux2_klein4b_double_scaled__two_core__combined,main,flux2_klein4b_double_scaled,two_core,combined,S,32,19022.792619875156,21725.405155820794,0.0,0.0,0.0,51,249152,151,True
flux2_klein4b_double_scaled__two_core__combined,main,flux2_klein4b_double_scaled,two_core,combined,B0,32,19362.36898345907,22264.924720088435,-1.8194157781570086,-2.556305932224683,-1.0825256240893344,51,249152,151,True
flux2_klein4b_double_scaled__two_core__combined,main,flux2_klein4b_double_scaled,two_core,combined,B2,32,19399.328214296907,22276.0590585102,-2.016471502442145,-2.6974408279759707,-1.335502176908319,51,249152,151,True
flux2_klein4b_double_scaled__two_core__combined,main,flux2_klein4b_double_scaled,two_core,combined,B8,32,19555.624658238794,22362.75748049298,-2.865293528045487,-3.5938651226907785,-2.136721933400196,51,249152,151,True
flux2_klein4b_double_scaled__two_core__combined,main,flux2_klein4b_double_scaled,two_core,combined,H2,32,19436.528476662676,22276.0590585102,-2.1966376635211438,-2.7399554136336413,-1.6533199134086465,51,249152,151,True
flux2_klein4b_double_scaled__dma16__service,hardware_sensitivity,flux2_klein4b_double_scaled,dma16,service,S8,32,22807.92344035429,26161.186401246105,0.0,0.0,0.0,51,249152,152,True
flux2_klein4b_double_scaled__dma16__service,hardware_sensitivity,flux2_klein4b_double_scaled,dma16,service,S,32,22807.92344035429,26161.186401246105,0.0,0.0,0.0,51,249152,152,True
flux2_klein4b_double_scaled__dma16__service,hardware_sensitivity,flux2_klein4b_double_scaled,dma16,service,B0,32,23199.921840266896,26936.726037630786,-1.7219292413325549,-2.378490584313005,-1.0653678983521049,51,249152,152,True
flux2_klein4b_double_scaled__dma16__service,hardware_sensitivity,flux2_klein4b_double_scaled,dma16,service,B2,32,23246.671840266896,26978.726037630786,-1.9287555691938636,-2.589487204284184,-1.2680239341035433,51,249152,152,True
flux2_klein4b_double_scaled__dma16__service,hardware_sensitivity,flux2_klein4b_double_scaled,dma16,service,B8,32,23394.116291893235,27104.726037630786,-2.5985782011679777,-3.2285861291642775,-1.9685702731716779,51,249152,152,True
flux2_klein4b_double_scaled__dma16__service,hardware_sensitivity,flux2_klein4b_double_scaled,dma16,service,H2,32,23870.58999905568,27146.90207596464,-4.7343740967941255,-5.399052263165669,-4.069695930422582,51,249152,152,True
flux2_klein4b_double_scaled__dma64__service,hardware_sensitivity,flux2_klein4b_double_scaled,dma64,service,S8,32,9632.836478406292,10261.265302174479,0.0,0.0,0.0,51,249152,149,True
flux2_klein4b_double_scaled__dma64__service,hardware_sensitivity,flux2_klein4b_double_scaled,dma64,service,S,32,9632.836478406292,10261.265302174479,0.0,0.0,0.0,51,249152,149,True
flux2_klein4b_double_scaled__dma64__service,hardware_sensitivity,flux2_klein4b_double_scaled,dma64,service,B0,32,10096.182858211188,10834.635501708824,-4.8307556545612345,-5.406612974987954,-4.254898334134515,51,249152,149,True
flux2_klein4b_double_scaled__dma64__service,hardware_sensitivity,flux2_klein4b_double_scaled,dma64,service,B2,32,10152.160767351315,10890.635501708823,-5.412990625796589,-5.9916296261370405,-4.834351625456138,51,249152,149,True
flux2_klein4b_double_scaled__dma64__service,hardware_sensitivity,flux2_klein4b_double_scaled,dma64,service,B8,32,10320.16030377111,11058.635501708823,-7.160392874658866,-7.747735516636756,-6.573050232680976,51,249152,149,True
flux2_klein4b_double_scaled__dma64__service,hardware_sensitivity,flux2_klein4b_double_scaled,dma64,service,H2,32,10152.150318894825,10890.635501708823,-5.4129012516483135,-5.991524029437382,-4.834278473859245,51,249152,149,True
flux2_klein4b_double_scaled__sram_one_port__service,hardware_sensitivity,flux2_klein4b_double_scaled,sram_one_port,service,S8,32,22117.12237024885,23945.231723395806,0.0,0.0,0.0,51,249152,152,True
flux2_klein4b_double_scaled__sram_one_port__service,hardware_sensitivity,flux2_klein4b_double_scaled,sram_one_port,service,S,32,22117.12237024885,23945.231723395806,0.0,0.0,0.0,51,249152,152,True
flux2_klein4b_double_scaled__sram_one_port__service,hardware_sensitivity,flux2_klein4b_double_scaled,sram_one_port,service,B0,32,22117.12237024885,23945.231723395806,0.0,0.0,0.0,51,249152,152,True
flux2_klein4b_double_scaled__sram_one_port__service,hardware_sensitivity,flux2_klein4b_double_scaled,sram_one_port,service,B2,32,22219.12237024885,24047.231723395806,-0.46245506861140157,-0.47109119563811225,-0.4538189415846909,51,249152,152,True
flux2_klein4b_double_scaled__sram_one_port__service,hardware_sensitivity,flux2_klein4b_double_scaled,sram_one_port,service,B8,32,22525.12237024885,24353.231723395806,-1.8498202744456067,-1.8843647825524494,-1.815275766338764,51,249152,152,True
flux2_klein4b_double_scaled__sram_one_port__service,hardware_sensitivity,flux2_klein4b_double_scaled,sram_one_port,service,H2,32,22219.12237024885,24047.231723395806,-0.46245506861140157,-0.47109119563811225,-0.4538189415846909,51,249152,152,True
flux2_klein4b_double_scaled__one_operand_slot__service,hardware_sensitivity,flux2_klein4b_double_scaled,one_operand_slot,service,S8,32,15096.838184776765,16964.37503168512,-2.9984138656184784,-3.1800916669347252,-2.8167360643022317,51,150848,130,True
flux2_klein4b_double_scaled__one_operand_slot__service,hardware_sensitivity,flux2_klein4b_double_scaled,one_operand_slot,service,S,32,14657.39497949052,16481.550410783173,0.0,0.0,0.0,51,150848,130,True
flux2_klein4b_double_scaled__one_operand_slot__service,hardware_sensitivity,flux2_klein4b_double_scaled,one_operand_slot,service,B0,32,15150.927739743302,17013.6769001171,-3.3766351955559886,-3.611172153281853,-3.1420982378301243,51,150848,130,True
flux2_klein4b_double_scaled__one_operand_slot__service,hardware_sensitivity,flux2_klein4b_double_scaled,one_operand_slot,service,B2,32,15214.894867505698,17075.6769001171,-3.8156538942472435,-4.054547218581409,-3.576760569913078,51,150848,130,True
flux2_klein4b_double_scaled__one_operand_slot__service,hardware_sensitivity,flux2_klein4b_double_scaled,one_operand_slot,service,B8,32,15406.685988708046,17261.6769001171,-5.132045457813191,-5.38753892140664,-4.876551994219741,51,150848,130,True
flux2_klein4b_double_scaled__one_operand_slot__service,hardware_sensitivity,flux2_klein4b_double_scaled,one_operand_slot,service,H2,32,15214.894867505698,17075.6769001171,-3.8156538942472435,-4.054547218581409,-3.576760569913078,51,150848,130,True
flux2_klein4b_double_scaled__four_operand_slots__service,hardware_sensitivity,flux2_klein4b_double_scaled,four_operand_slots,service,S8,32,13885.071800826592,15389.172321097778,-3.0443559106232145,-3.602754232627966,-2.4859575886184633,51,306624,151,True
flux2_klein4b_double_scaled__four_operand_slots__service,hardware_sensitivity,flux2_klein4b_double_scaled,four_operand_slots,service,S,32,13478.657659237466,14761.23277284903,0.0,0.0,0.0,51,306624,151,True
flux2_klein4b_double_scaled__four_operand_slots__service,hardware_sensitivity,flux2_klein4b_double_scaled,four_operand_slots,service,B0,32,14264.595231492212,16018.189139383692,-5.902378957646655,-6.971940560185757,-4.832817355107553,51,306624,151,True
flux2_klein4b_double_scaled__four_operand_slots__service,hardware_sensitivity,flux2_klein4b_double_scaled,four_operand_slots,service,B2,32,14356.919718020194,16076.189139383692,-6.577521612230094,-7.611358860218457,-5.543684364241731,51,306624,151,True
flux2_klein4b_double_scaled__four_operand_slots__service,hardware_sensitivity,flux2_klein4b_double_scaled,four_operand_slots,service,B8,32,14553.640019390235,16250.189139383692,-8.04233872423464,-9.192377695049903,-6.892299753419376,51,306624,151,True
flux2_klein4b_double_scaled__four_operand_slots__service,hardware_sensitivity,flux2_klein4b_double_scaled,four_operand_slots,service,H2,32,14356.919718020194,16076.189139383692,-6.577521612230094,-7.611358860218457,-5.543684364241731,51,306624,151,True
flux2_klein4b_double_scaled__sram2MiB__service,hardware_sensitivity,flux2_klein4b_double_scaled,sram2MiB,service,S8,32,13843.37133154104,15444.613471621706,-3.21164809371407,-3.6053564418807493,-2.817939745547391,51,249152,151,True
flux2_klein4b_double_scaled__sram2MiB__service,hardware_sensitivity,flux2_klein4b_double_scaled,sram2MiB,service,S,32,13415.891434686238,14767.013251445836,0.0,0.0,0.0,51,249152,151,True
flux2_klein4b_double_scaled__sram2MiB__service,hardware_sensitivity,flux2_klein4b_double_scaled,sram2MiB,service,B0,32,13842.16072297528,15444.613471621706,-3.1976642327277016,-3.5937328610912926,-2.8015956043641106,51,249152,151,True
flux2_klein4b_double_scaled__sram2MiB__service,hardware_sensitivity,flux2_klein4b_double_scaled,sram2MiB,service,B2,32,13891.766033803206,15488.613471621706,-3.571089763324623,-3.9740509374817523,-3.1681285891674933,51,249152,151,True
flux2_klein4b_double_scaled__sram2MiB__service,hardware_sensitivity,flux2_klein4b_double_scaled,sram2MiB,service,B8,32,14040.609783803206,15620.613471621706,-4.691634693523919,-5.121445814019415,-4.261823573028423,51,249152,151,True
flux2_klein4b_double_scaled__sram2MiB__service,hardware_sensitivity,flux2_klein4b_double_scaled,sram2MiB,service,H2,32,13887.599674985951,15488.613471621706,-3.54222636850062,-3.9608981738264486,-3.1235545631747916,51,249152,151,True
flux2_klein4b_double_scaled__sram8MiB__service,hardware_sensitivity,flux2_klein4b_double_scaled,sram8MiB,service,S8,32,13843.37133154104,15444.613471621706,-3.21164809371407,-3.6053564418807493,-2.817939745547391,51,249152,151,True
flux2_klein4b_double_scaled__sram8MiB__service,hardware_sensitivity,flux2_klein4b_double_scaled,sram8MiB,service,S,32,13415.891434686238,14767.013251445836,0.0,0.0,0.0,51,249152,151,True
flux2_klein4b_double_scaled__sram8MiB__service,hardware_sensitivity,flux2_klein4b_double_scaled,sram8MiB,service,B0,32,13842.16072297528,15444.613471621706,-3.1976642327277016,-3.5937328610912926,-2.8015956043641106,51,249152,151,True
flux2_klein4b_double_scaled__sram8MiB__service,hardware_sensitivity,flux2_klein4b_double_scaled,sram8MiB,service,B2,32,13891.766033803206,15488.613471621706,-3.571089763324623,-3.9740509374817523,-3.1681285891674933,51,249152,151,True
flux2_klein4b_double_scaled__sram8MiB__service,hardware_sensitivity,flux2_klein4b_double_scaled,sram8MiB,service,B8,32,14040.609783803206,15620.613471621706,-4.691634693523919,-5.121445814019415,-4.261823573028423,51,249152,151,True
flux2_klein4b_double_scaled__sram8MiB__service,hardware_sensitivity,flux2_klein4b_double_scaled,sram8MiB,service,H2,32,13887.599674985951,15488.613471621706,-3.54222636850062,-3.9608981738264486,-3.1235545631747916,51,249152,151,True
flux2_klein4b_single_scaled__two_core__deterministic,main,flux2_klein4b_single_scaled,two_core,deterministic,S8,32,10575.5625,10575.5625,0.0,0.0,0.0,23,160448,110,False
flux2_klein4b_single_scaled__two_core__deterministic,main,flux2_klein4b_single_scaled,two_core,deterministic,S,32,10575.5625,10575.5625,0.0,0.0,0.0,23,160448,110,False
flux2_klein4b_single_scaled__two_core__deterministic,main,flux2_klein4b_single_scaled,two_core,deterministic,B0,32,10576.5625,10576.5625,-0.009455761809360022,-0.009455761809360022,-0.009455761809360022,23,160448,110,False
flux2_klein4b_single_scaled__two_core__deterministic,main,flux2_klein4b_single_scaled,two_core,deterministic,B2,32,10620.5625,10620.5625,-0.425509281421201,-0.425509281421201,-0.425509281421201,23,160448,110,False
flux2_klein4b_single_scaled__two_core__deterministic,main,flux2_klein4b_single_scaled,two_core,deterministic,B8,32,10752.5625,10752.5625,-1.6736698402567238,-1.6736698402567238,-1.6736698402567238,23,160448,110,False
flux2_klein4b_single_scaled__two_core__deterministic,main,flux2_klein4b_single_scaled,two_core,deterministic,H2,32,10620.5625,10620.5625,-0.425509281421201,-0.425509281421201,-0.425509281421201,23,160448,110,False
flux2_klein4b_single_scaled__two_core__service,main,flux2_klein4b_single_scaled,two_core,service,S8,32,10474.509790370359,11431.291761274035,0.0,0.0,0.0,23,160448,110,False
flux2_klein4b_single_scaled__two_core__service,main,flux2_klein4b_single_scaled,two_core,service,S,32,10474.509790370359,11431.291761274035,0.0,0.0,0.0,23,160448,110,False
flux2_klein4b_single_scaled__two_core__service,main,flux2_klein4b_single_scaled,two_core,service,B0,32,10475.509790370359,11432.291761274035,-0.0095743674313251,-0.009754855489654036,-0.009393879372996163,23,160448,110,False
flux2_klein4b_single_scaled__two_core__service,main,flux2_klein4b_single_scaled,two_core,service,B2,32,10519.509790370359,11476.291761274035,-0.43084653440963006,-0.43896849703443236,-0.42272457178482775,23,160448,110,False
flux2_klein4b_single_scaled__two_core__service,main,flux2_klein4b_single_scaled,two_core,service,B8,32,10651.509790370359,11608.291761274035,-1.6946630353445438,-1.7266094216687655,-1.662716649020322,23,160448,110,False
flux2_klein4b_single_scaled__two_core__service,main,flux2_klein4b_single_scaled,two_core,service,H2,32,10519.509790370359,11476.291761274035,-0.43084653440963006,-0.43896849703443236,-0.42272457178482775,23,160448,110,False
flux2_klein4b_single_scaled__two_core__calendar,main,flux2_klein4b_single_scaled,two_core,calendar,S8,32,13249.82973448484,13366.73220627575,0.0,0.0,0.0,23,160448,140,True
flux2_klein4b_single_scaled__two_core__calendar,main,flux2_klein4b_single_scaled,two_core,calendar,S,32,13249.82973448484,13366.73220627575,0.0,0.0,0.0,23,160448,140,True
flux2_klein4b_single_scaled__two_core__calendar,main,flux2_klein4b_single_scaled,two_core,calendar,B0,32,13249.82973448484,13366.73220627575,0.0,0.0,0.0,23,160448,140,True
flux2_klein4b_single_scaled__two_core__calendar,main,flux2_klein4b_single_scaled,two_core,calendar,B2,32,13281.870833477153,13405.621053979427,-0.24266459709590077,-0.3950859141482092,-0.09024328004359233,23,160448,140,True
flux2_klein4b_single_scaled__two_core__calendar,main,flux2_klein4b_single_scaled,two_core,calendar,B8,32,13447.999248346694,13531.110738415116,-1.4994256160607884,-1.790610833376806,-1.2082403987447707,23,160448,140,True
flux2_klein4b_single_scaled__two_core__calendar,main,flux2_klein4b_single_scaled,two_core,calendar,H2,32,13281.870833477153,13405.621053979427,-0.24266459709590077,-0.3950859141482092,-0.09024328004359233,23,160448,140,True
flux2_klein4b_single_scaled__two_core__combined,main,flux2_klein4b_single_scaled,two_core,combined,S8,32,13171.374269687132,14763.833060255285,-0.19590639229721307,-0.44090232763869475,0.0490895430442686,23,160448,140,True
flux2_klein4b_single_scaled__two_core__combined,main,flux2_klein4b_single_scaled,two_core,combined,S,32,13147.173354894596,14657.876655923723,0.0,0.0,0.0,23,160448,140,True
flux2_klein4b_single_scaled__two_core__combined,main,flux2_klein4b_single_scaled,two_core,combined,B0,32,13163.116903662652,14762.083060255285,-0.1389553964863706,-0.4371136396051637,0.15920284663242254,23,160448,140,True
flux2_klein4b_single_scaled__two_core__combined,main,flux2_klein4b_single_scaled,two_core,combined,B2,32,13209.868065988634,14829.379157328509,-0.49324436378809344,-0.748211436171443,-0.23827729140474385,23,160448,140,True
flux2_klein4b_single_scaled__two_core__combined,main,flux2_klein4b_single_scaled,two_core,combined,B8,32,13324.375225014128,14911.226942968602,-1.371969625078283,-1.621881191590277,-1.1220580585662887,23,160448,140,True
flux2_klein4b_single_scaled__two_core__combined,main,flux2_klein4b_single_scaled,two_core,combined,H2,32,13209.868065988634,14829.379157328509,-0.49324436378809344,-0.748211436171443,-0.23827729140474385,23,160448,140,True
flux2_klein4b_single_scaled__dma16__service,hardware_sensitivity,flux2_klein4b_single_scaled,dma16,service,S8,32,14894.524692176758,16820.81778715174,0.0,0.0,0.0,23,160448,110,False
flux2_klein4b_single_scaled__dma16__service,hardware_sensitivity,flux2_klein4b_single_scaled,dma16,service,S,32,14894.524692176758,16820.81778715174,0.0,0.0,0.0,23,160448,110,False
flux2_klein4b_single_scaled__dma16__service,hardware_sensitivity,flux2_klein4b_single_scaled,dma16,service,B0,32,14895.524692176758,16821.81778715174,-0.00675203310710207,-0.006931314924124549,-0.0065727512900795905,23,160448,110,False
flux2_klein4b_single_scaled__dma16__service,hardware_sensitivity,flux2_klein4b_single_scaled,dma16,service,B2,32,14939.524692176758,16865.81778715174,-0.30384148981959314,-0.3119091715856047,-0.29577380805358156,23,160448,110,False
flux2_klein4b_single_scaled__dma16__service,hardware_sensitivity,flux2_klein4b_single_scaled,dma16,service,B8,32,15071.524692176758,16997.81778715174,-1.1951098599570662,-1.226842741570045,-1.1633769783440875,23,160448,110,False
flux2_klein4b_single_scaled__dma16__service,hardware_sensitivity,flux2_klein4b_single_scaled,dma16,service,H2,32,14939.524692176758,16865.81778715174,-0.30384148981959314,-0.3119091715856047,-0.29577380805358156,23,160448,110,False
flux2_klein4b_single_scaled__dma64__service,hardware_sensitivity,flux2_klein4b_single_scaled,dma64,service,S8,32,8264.50233946716,8736.528748335179,0.0,0.0,0.0,23,160448,110,False
flux2_klein4b_single_scaled__dma64__service,hardware_sensitivity,flux2_klein4b_single_scaled,dma64,service,S,32,8264.50233946716,8736.528748335179,0.0,0.0,0.0,23,160448,110,False
flux2_klein4b_single_scaled__dma64__service,hardware_sensitivity,flux2_klein4b_single_scaled,dma64,service,B0,32,8265.50233946716,8737.528748335179,-0.01211391883796868,-0.012258814203281515,-0.011969023472655846,23,160448,110,False
flux2_klein4b_single_scaled__dma64__service,hardware_sensitivity,flux2_klein4b_single_scaled,dma64,service,B2,32,8309.50233946716,8781.528748335179,-0.5451263477085906,-0.5516466391476682,-0.538606056269513,23,160448,110,False
flux2_klein4b_single_scaled__dma64__service,hardware_sensitivity,flux2_klein4b_single_scaled,dma64,service,B8,32,8441.50233946716,8913.528748335179,-2.1441636343204573,-2.1698101139808292,-2.1185171546600854,23,160448,110,False
flux2_klein4b_single_scaled__dma64__service,hardware_sensitivity,flux2_klein4b_single_scaled,dma64,service,H2,32,8309.50233946716,8781.528748335179,-0.5451263477085906,-0.5516466391476682,-0.538606056269513,23,160448,110,False
flux2_klein4b_single_scaled__sram_one_port__service,hardware_sensitivity,flux2_klein4b_single_scaled,sram_one_port,service,S8,32,11339.509790370359,12296.291761274035,-9.681033424444777e-16,-3.861915516571519e-15,1.9257088316825643e-15,23,160448,141,False
flux2_klein4b_single_scaled__sram_one_port__service,hardware_sensitivity,flux2_klein4b_single_scaled,sram_one_port,service,S,32,11339.509790370359,12296.291761274035,0.0,0.0,0.0,23,160448,141,False
flux2_klein4b_single_scaled__sram_one_port__service,hardware_sensitivity,flux2_klein4b_single_scaled,sram_one_port,service,B0,32,11340.509790370359,12297.291761274035,-0.008840291152957579,-0.008994168349590173,-0.008686413956324985,23,160448,141,False
flux2_klein4b_single_scaled__sram_one_port__service,hardware_sensitivity,flux2_klein4b_single_scaled,sram_one_port,service,B2,32,11386.509790370359,12343.291761274035,-0.41549368418900673,-0.42272591243073876,-0.4082614559472747,23,160448,141,False
flux2_klein4b_single_scaled__sram_one_port__service,hardware_sensitivity,flux2_klein4b_single_scaled,sram_one_port,service,B8,32,11524.509790370359,12481.291761274035,-1.6354538632971531,-1.6639211446741828,-1.6069865819201234,23,160448,141,False
flux2_klein4b_single_scaled__sram_one_port__service,hardware_sensitivity,flux2_klein4b_single_scaled,sram_one_port,service,H2,32,11386.509790370359,12343.291761274035,-0.41549368418900673,-0.42272591243073876,-0.4082614559472747,23,160448,141,False
flux2_klein4b_single_scaled__one_operand_slot__service,hardware_sensitivity,flux2_klein4b_single_scaled,one_operand_slot,service,S8,32,10484.509790370359,11441.291761274031,-0.009566100770827908,-0.009746277337518016,-0.009385924204137799,23,135872,34,False
flux2_klein4b_single_scaled__one_operand_slot__service,hardware_sensitivity,flux2_klein4b_single_scaled,one_operand_slot,service,S,32,10483.509790370359,11440.291761274031,0.0,0.0,0.0,23,135872,34,False
flux2_klein4b_single_scaled__one_operand_slot__service,hardware_sensitivity,flux2_klein4b_single_scaled,one_operand_slot,service,B0,32,10484.509790370359,11441.291761274031,-0.009566100770827908,-0.009746277337518016,-0.009385924204137799,23,135872,34,False
flux2_klein4b_single_scaled__one_operand_slot__service,hardware_sensitivity,flux2_klein4b_single_scaled,one_operand_slot,service,B2,32,10528.509790370359,11485.291761274031,-0.4304745346872559,-0.43858248018831075,-0.422366589186201,23,135872,34,False
flux2_klein4b_single_scaled__one_operand_slot__service,hardware_sensitivity,flux2_klein4b_single_scaled,one_operand_slot,service,B8,32,10660.509790370359,11617.291761274031,-1.6931998364365404,-1.7250910887406896,-1.6613085841323911,23,135872,34,False
flux2_klein4b_single_scaled__one_operand_slot__service,hardware_sensitivity,flux2_klein4b_single_scaled,one_operand_slot,service,H2,32,10528.509790370359,11485.291761274031,-0.4304745346872559,-0.43858248018831075,-0.422366589186201,23,135872,34,False
flux2_klein4b_single_scaled__four_operand_slots__service,hardware_sensitivity,flux2_klein4b_single_scaled,four_operand_slots,service,S8,32,10474.509790370359,11431.291761274033,0.0,0.0,0.0,23,195264,152,True
flux2_klein4b_single_scaled__four_operand_slots__service,hardware_sensitivity,flux2_klein4b_single_scaled,four_operand_slots,service,S,32,10474.509790370359,11431.291761274033,0.0,0.0,0.0,23,195264,152,True
flux2_klein4b_single_scaled__four_operand_slots__service,hardware_sensitivity,flux2_klein4b_single_scaled,four_operand_slots,service,B0,32,10477.509790370359,11434.291761274033,-0.02872310229397697,-0.029264566468964075,-0.02818163811898987,23,195264,152,True
flux2_klein4b_single_scaled__four_operand_slots__service,hardware_sensitivity,flux2_klein4b_single_scaled,four_operand_slots,service,B2,32,10521.509790370359,11478.291761274033,-0.44999526927228134,-0.4584782080137416,-0.44151233053082106,23,195264,152,True
flux2_klein4b_single_scaled__four_operand_slots__service,hardware_sensitivity,flux2_klein4b_single_scaled,four_operand_slots,service,B8,32,10653.509790370359,11610.291761274033,-1.713811770207194,-1.746119132648074,-1.681504407766314,23,195264,152,True
flux2_klein4b_single_scaled__four_operand_slots__service,hardware_sensitivity,flux2_klein4b_single_scaled,four_operand_slots,service,H2,32,10521.509790370359,11478.291761274033,-0.44999526927228134,-0.4584782080137416,-0.44151233053082106,23,195264,152,True
flux2_klein4b_single_scaled__sram2MiB__service,hardware_sensitivity,flux2_klein4b_single_scaled,sram2MiB,service,S8,32,10474.509790370359,11431.291761274035,0.0,0.0,0.0,23,160448,110,False
flux2_klein4b_single_scaled__sram2MiB__service,hardware_sensitivity,flux2_klein4b_single_scaled,sram2MiB,service,S,32,10474.509790370359,11431.291761274035,0.0,0.0,0.0,23,160448,110,False
flux2_klein4b_single_scaled__sram2MiB__service,hardware_sensitivity,flux2_klein4b_single_scaled,sram2MiB,service,B0,32,10475.509790370359,11432.291761274035,-0.0095743674313251,-0.009754855489654036,-0.009393879372996163,23,160448,110,False
flux2_klein4b_single_scaled__sram2MiB__service,hardware_sensitivity,flux2_klein4b_single_scaled,sram2MiB,service,B2,32,10519.509790370359,11476.291761274035,-0.43084653440963006,-0.43896849703443236,-0.42272457178482775,23,160448,110,False
flux2_klein4b_single_scaled__sram2MiB__service,hardware_sensitivity,flux2_klein4b_single_scaled,sram2MiB,service,B8,32,10651.509790370359,11608.291761274035,-1.6946630353445438,-1.7266094216687655,-1.662716649020322,23,160448,110,False
flux2_klein4b_single_scaled__sram2MiB__service,hardware_sensitivity,flux2_klein4b_single_scaled,sram2MiB,service,H2,32,10519.509790370359,11476.291761274035,-0.43084653440963006,-0.43896849703443236,-0.42272457178482775,23,160448,110,False
flux2_klein4b_single_scaled__sram8MiB__service,hardware_sensitivity,flux2_klein4b_single_scaled,sram8MiB,service,S8,32,10474.509790370359,11431.291761274035,0.0,0.0,0.0,23,160448,110,False
flux2_klein4b_single_scaled__sram8MiB__service,hardware_sensitivity,flux2_klein4b_single_scaled,sram8MiB,service,S,32,10474.509790370359,11431.291761274035,0.0,0.0,0.0,23,160448,110,False
flux2_klein4b_single_scaled__sram8MiB__service,hardware_sensitivity,flux2_klein4b_single_scaled,sram8MiB,service,B0,32,10475.509790370359,11432.291761274035,-0.0095743674313251,-0.009754855489654036,-0.009393879372996163,23,160448,110,False
flux2_klein4b_single_scaled__sram8MiB__service,hardware_sensitivity,flux2_klein4b_single_scaled,sram8MiB,service,B2,32,10519.509790370359,11476.291761274035,-0.43084653440963006,-0.43896849703443236,-0.42272457178482775,23,160448,110,False
flux2_klein4b_single_scaled__sram8MiB__service,hardware_sensitivity,flux2_klein4b_single_scaled,sram8MiB,service,B8,32,10651.509790370359,11608.291761274035,-1.6946630353445438,-1.7266094216687655,-1.662716649020322,23,160448,110,False
flux2_klein4b_single_scaled__sram8MiB__service,hardware_sensitivity,flux2_klein4b_single_scaled,sram8MiB,service,H2,32,10519.509790370359,11476.291761274035,-0.43084653440963006,-0.43896849703443236,-0.42272457178482775,23,160448,110,False
qwen35_full_decode_attention_fused__two_core__deterministic,fusion_conditioning_sensitivity,qwen35_full_decode_attention_fused,two_core,deterministic,S8,32,8034.5,8034.5,-1.9347881248414107,-1.9347881248414107,-1.9347881248414107,28,149824,151,True
qwen35_full_decode_attention_fused__two_core__deterministic,fusion_conditioning_sensitivity,qwen35_full_decode_attention_fused,two_core,deterministic,S,32,7882.0,7882.0,0.0,0.0,0.0,28,149824,151,True
qwen35_full_decode_attention_fused__two_core__deterministic,fusion_conditioning_sensitivity,qwen35_full_decode_attention_fused,two_core,deterministic,B0,32,8034.5,8034.5,-1.9347881248414107,-1.9347881248414107,-1.9347881248414107,28,149824,151,True
qwen35_full_decode_attention_fused__two_core__deterministic,fusion_conditioning_sensitivity,qwen35_full_decode_attention_fused,two_core,deterministic,B2,32,8068.5,8068.5,-2.366150723166709,-2.366150723166709,-2.366150723166709,28,149824,151,True
qwen35_full_decode_attention_fused__two_core__deterministic,fusion_conditioning_sensitivity,qwen35_full_decode_attention_fused,two_core,deterministic,B8,32,8170.5,8170.5,-3.6602385181426036,-3.6602385181426036,-3.6602385181426036,28,149824,151,True
qwen35_full_decode_attention_fused__two_core__deterministic,fusion_conditioning_sensitivity,qwen35_full_decode_attention_fused,two_core,deterministic,H2,32,8068.5,8068.5,-2.366150723166709,-2.366150723166709,-2.366150723166709,28,149824,151,True
qwen35_full_decode_attention_fused__two_core__service,fusion_conditioning_sensitivity,qwen35_full_decode_attention_fused,two_core,service,S8,32,8461.497386912355,9831.343196578113,-1.8044792735010764,-1.8736783831456763,-1.7352801638564765,28,149824,151,True
qwen35_full_decode_attention_fused__two_core__service,fusion_conditioning_sensitivity,qwen35_full_decode_attention_fused,two_core,service,S,32,8312.49985001927,9673.745089514572,0.0,0.0,0.0,28,149824,151,True
qwen35_full_decode_attention_fused__two_core__service,fusion_conditioning_sensitivity,qwen35_full_decode_attention_fused,two_core,service,B0,32,8456.32938484923,9831.343196578113,-1.7338142146384308,-1.8638151929560365,-1.603813236320825,28,149824,151,True
qwen35_full_decode_attention_fused__two_core__service,fusion_conditioning_sensitivity,qwen35_full_decode_attention_fused,two_core,service,B2,32,8490.32938484923,9865.343196578113,-2.147229679268223,-2.27878916069361,-2.0156701978428355,28,149824,151,True
qwen35_full_decode_attention_fused__two_core__service,fusion_conditioning_sensitivity,qwen35_full_decode_attention_fused,two_core,service,B8,32,8592.401279826043,9967.343196578113,-3.388572941007306,-3.5336407321689203,-3.243505149845692,28,149824,151,True
qwen35_full_decode_attention_fused__two_core__service,fusion_conditioning_sensitivity,qwen35_full_decode_attention_fused,two_core,service,H2,32,8490.32938484923,9865.343196578113,-2.147229679268223,-2.27878916069361,-2.0156701978428355,28,149824,151,True
qwen35_full_decode_attention_fused__two_core__calendar,fusion_conditioning_sensitivity,qwen35_full_decode_attention_fused,two_core,calendar,S8,32,12043.826589079403,12116.792924773417,-1.2853341584879765,-1.33548193565665,-1.235186381319303,28,149824,151,True
qwen35_full_decode_attention_fused__two_core__calendar,fusion_conditioning_sensitivity,qwen35_full_decode_attention_fused,two_core,calendar,S,32,11890.96426448525,11936.5,0.0,0.0,0.0,28,149824,151,True
qwen35_full_decode_attention_fused__two_core__calendar,fusion_conditioning_sensitivity,qwen35_full_decode_attention_fused,two_core,calendar,B0,32,12043.826589079403,12116.792924773417,-1.2853341584879765,-1.33548193565665,-1.235186381319303,28,149824,151,True
qwen35_full_decode_attention_fused__two_core__calendar,fusion_conditioning_sensitivity,qwen35_full_decode_attention_fused,two_core,calendar,B2,32,12093.315810528444,12153.8241789738,-1.701944549843882,-1.7940987423906494,-1.6097903572971148,28,149824,151,True
qwen35_full_decode_attention_fused__two_core__calendar,fusion_conditioning_sensitivity,qwen35_full_decode_attention_fused,two_core,calendar,B8,32,12242.935948207547,12291.000000000004,-2.9606597464701863,-3.116813177292185,-2.8045063156481875,28,149824,151,True
qwen35_full_decode_attention_fused__two_core__calendar,fusion_conditioning_sensitivity,qwen35_full_decode_attention_fused,two_core,calendar,H2,32,12093.315810528444,12153.8241789738,-1.701944549843882,-1.7940987423906494,-1.6097903572971148,28,149824,151,True
qwen35_full_decode_attention_fused__two_core__combined,fusion_conditioning_sensitivity,qwen35_full_decode_attention_fused,two_core,combined,S8,32,12727.00955411372,14918.593196570615,-0.997725417312996,-1.1502478233038151,-0.845203011322177,28,149824,151,True
qwen35_full_decode_attention_fused__two_core__combined,fusion_conditioning_sensitivity,qwen35_full_decode_attention_fused,two_core,combined,S,32,12603.44636148617,14858.495089514572,0.0,0.0,0.0,28,149824,151,True
qwen35_full_decode_attention_fused__two_core__combined,fusion_conditioning_sensitivity,qwen35_full_decode_attention_fused,two_core,combined,B0,32,12727.251945524693,14919.343196578113,-0.9998376127273411,-1.1526267516831683,-0.8470484737715138,28,149824,151,True
qwen35_full_decode_attention_fused__two_core__combined,fusion_conditioning_sensitivity,qwen35_full_decode_attention_fused,two_core,combined,B2,32,12761.136829632458,14951.093196578113,-1.2689315971133515,-1.4203848342141496,-1.1174783600125533,28,149824,151,True
qwen35_full_decode_attention_fused__two_core__combined,fusion_conditioning_sensitivity,qwen35_full_decode_attention_fused,two_core,combined,B8,32,12889.093480234536,15172.378111260397,-2.288312897180207,-2.3881050479222745,-2.1885207464381393,28,149824,151,True
qwen35_full_decode_attention_fused__two_core__combined,fusion_conditioning_sensitivity,qwen35_full_decode_attention_fused,two_core,combined,H2,32,12761.136829632458,14951.093196578113,-1.2689315971133515,-1.4203848342141496,-1.1174783600125533,28,149824,151,True
flux2_klein4b_double_scaled_attention_aggregate_cond_resident__two_core__deterministic,fusion_conditioning_sensitivity,flux2_klein4b_double_scaled_attention_aggregate_cond_resident,two_core,deterministic,S8,32,9768.0,9768.0,-2.7129337539432177,-2.7129337539432177,-2.7129337539432177,37,205312,152,True
flux2_klein4b_double_scaled_attention_aggregate_cond_resident__two_core__deterministic,fusion_conditioning_sensitivity,flux2_klein4b_double_scaled_attention_aggregate_cond_resident,two_core,deterministic,S,32,9510.0,9510.0,0.0,0.0,0.0,37,205312,152,True
flux2_klein4b_double_scaled_attention_aggregate_cond_resident__two_core__deterministic,fusion_conditioning_sensitivity,flux2_klein4b_double_scaled_attention_aggregate_cond_resident,two_core,deterministic,B0,32,9768.0,9768.0,-2.7129337539432177,-2.7129337539432177,-2.7129337539432177,37,205312,152,True
flux2_klein4b_double_scaled_attention_aggregate_cond_resident__two_core__deterministic,fusion_conditioning_sensitivity,flux2_klein4b_double_scaled_attention_aggregate_cond_resident,two_core,deterministic,B2,32,9806.0,9806.0,-3.1125131440588856,-3.1125131440588856,-3.1125131440588856,37,205312,152,True
flux2_klein4b_double_scaled_attention_aggregate_cond_resident__two_core__deterministic,fusion_conditioning_sensitivity,flux2_klein4b_double_scaled_attention_aggregate_cond_resident,two_core,deterministic,B8,32,9920.0,9920.0,-4.311251314405888,-4.311251314405888,-4.311251314405888,37,205312,152,True
flux2_klein4b_double_scaled_attention_aggregate_cond_resident__two_core__deterministic,fusion_conditioning_sensitivity,flux2_klein4b_double_scaled_attention_aggregate_cond_resident,two_core,deterministic,H2,32,9806.0,9806.0,-3.1125131440588856,-3.1125131440588856,-3.1125131440588856,37,205312,152,True
flux2_klein4b_double_scaled_attention_aggregate_cond_resident__two_core__service,fusion_conditioning_sensitivity,flux2_klein4b_double_scaled_attention_aggregate_cond_resident,two_core,service,S8,32,9987.845987343439,11322.353689142828,-1.914581167230202,-2.954532378898243,-0.8746299555621608,37,205312,152,True
flux2_klein4b_double_scaled_attention_aggregate_cond_resident__two_core__service,fusion_conditioning_sensitivity,flux2_klein4b_double_scaled_attention_aggregate_cond_resident,two_core,service,S,32,9802.87382390752,10962.64333833244,0.0,0.0,0.0,37,205312,152,True
flux2_klein4b_double_scaled_attention_aggregate_cond_resident__two_core__service,fusion_conditioning_sensitivity,flux2_klein4b_double_scaled_attention_aggregate_cond_resident,two_core,service,B0,32,9936.156264737745,11322.353689142828,-1.3587889095681902,-2.547586869220472,-0.16999094991590846,37,205312,152,True
flux2_klein4b_double_scaled_attention_aggregate_cond_resident__two_core__service,fusion_conditioning_sensitivity,flux2_klein4b_double_scaled_attention_aggregate_cond_resident,two_core,service,B2,32,9974.133272555322,11360.353689142828,-1.748567215663994,-2.937807105083537,-0.5593273262444511,37,205312,152,True
flux2_klein4b_double_scaled_attention_aggregate_cond_resident__two_core__service,fusion_conditioning_sensitivity,flux2_klein4b_double_scaled_attention_aggregate_cond_resident,two_core,service,B8,32,10088.237563737433,11474.505254244526,-2.919723761438689,-4.110149158012118,-1.72929836486526,37,205312,152,True
flux2_klein4b_double_scaled_attention_aggregate_cond_resident__two_core__service,fusion_conditioning_sensitivity,flux2_klein4b_double_scaled_attention_aggregate_cond_resident,two_core,service,H2,32,9974.133272555322,11360.353689142828,-1.748567215663994,-2.937807105083537,-0.5593273262444511,37,205312,152,True
flux2_klein4b_double_scaled_attention_aggregate_cond_resident__two_core__calendar,fusion_conditioning_sensitivity,flux2_klein4b_double_scaled_attention_aggregate_cond_resident,two_core,calendar,S8,32,13670.806711748835,13698.0,-4.014301543801223,-4.22353635592703,-3.8050667316754168,37,205312,152,True
flux2_klein4b_double_scaled_attention_aggregate_cond_resident__two_core__calendar,fusion_conditioning_sensitivity,flux2_klein4b_double_scaled_attention_aggregate_cond_resident,two_core,calendar,S,32,13143.486522698062,13237.605424773417,0.0,0.0,0.0,37,205312,152,True
flux2_klein4b_double_scaled_attention_aggregate_cond_resident__two_core__calendar,fusion_conditioning_sensitivity,flux2_klein4b_double_scaled_attention_aggregate_cond_resident,two_core,calendar,B0,32,13670.806711748835,13698.0,-4.014301543801223,-4.22353635592703,-3.8050667316754168,37,205312,152,True
flux2_klein4b_double_scaled_attention_aggregate_cond_resident__two_core__calendar,fusion_conditioning_sensitivity,flux2_klein4b_double_scaled_attention_aggregate_cond_resident,two_core,calendar,B2,32,13736.16027450172,13772.0,-4.5113967364984555,-4.721413815639219,-4.301379657357692,37,205312,152,True
flux2_klein4b_double_scaled_attention_aggregate_cond_resident__two_core__calendar,fusion_conditioning_sensitivity,flux2_klein4b_double_scaled_attention_aggregate_cond_resident,two_core,calendar,B8,32,13872.930895079342,13910.461685569264,-5.5513296044475275,-5.693357387201598,-5.409301821693457,37,205312,152,True
flux2_klein4b_double_scaled_attention_aggregate_cond_resident__two_core__calendar,fusion_conditioning_sensitivity,flux2_klein4b_double_scaled_attention_aggregate_cond_resident,two_core,calendar,H2,32,13736.16027450172,13772.0,-4.5113967364984555,-4.721413815639219,-4.301379657357692,37,205312,152,True
flux2_klein4b_double_scaled_attention_aggregate_cond_resident__two_core__combined,fusion_conditioning_sensitivity,flux2_klein4b_double_scaled_attention_aggregate_cond_resident,two_core,combined,S8,32,13961.678200965316,16143.396945824312,-3.967283236958459,-5.140645715513406,-2.7939207584035124,37,205312,152,True
flux2_klein4b_double_scaled_attention_aggregate_cond_resident__two_core__combined,fusion_conditioning_sensitivity,flux2_klein4b_double_scaled_attention_aggregate_cond_resident,two_core,combined,S,32,13449.69179572488,15637.215688896888,0.0,0.0,0.0,37,205312,152,True
flux2_klein4b_double_scaled_attention_aggregate_cond_resident__two_core__combined,fusion_conditioning_sensitivity,flux2_klein4b_double_scaled_attention_aggregate_cond_resident,two_core,combined,B0,32,13913.086495588437,16143.396945824312,-3.6164467410094923,-4.927809955644296,-2.305083526374688,37,205312,152,True
flux2_klein4b_double_scaled_attention_aggregate_cond_resident__two_core__combined,fusion_conditioning_sensitivity,flux2_klein4b_double_scaled_attention_aggregate_cond_resident,two_core,combined,B2,32,13951.548378304606,16200.0961799179,-3.905021826829736,-5.208055647352588,-2.6019880063068834,37,205312,152,True
flux2_klein4b_double_scaled_attention_aggregate_cond_resident__two_core__combined,fusion_conditioning_sensitivity,flux2_klein4b_double_scaled_attention_aggregate_cond_resident,two_core,combined,B8,32,14090.10364075708,16303.80686331334,-4.938553789141279,-6.243192903823005,-3.633914674459553,37,205312,152,True
flux2_klein4b_double_scaled_attention_aggregate_cond_resident__two_core__combined,fusion_conditioning_sensitivity,flux2_klein4b_double_scaled_attention_aggregate_cond_resident,two_core,combined,H2,32,13951.548378304606,16200.0961799179,-3.905021826829736,-5.208055647352588,-2.6019880063068834,37,205312,152,True
flux2_klein4b_single_scaled_attention_aggregate_cond_resident__two_core__deterministic,fusion_conditioning_sensitivity,flux2_klein4b_single_scaled_attention_aggregate_cond_resident,two_core,deterministic,S8,32,8462.0,8462.0,0.0,0.0,0.0,12,135808,63,False
flux2_klein4b_single_scaled_attention_aggregate_cond_resident__two_core__deterministic,fusion_conditioning_sensitivity,flux2_klein4b_single_scaled_attention_aggregate_cond_resident,two_core,deterministic,S,32,8462.0,8462.0,0.0,0.0,0.0,12,135808,63,False
flux2_klein4b_single_scaled_attention_aggregate_cond_resident__two_core__deterministic,fusion_conditioning_sensitivity,flux2_klein4b_single_scaled_attention_aggregate_cond_resident,two_core,deterministic,B0,32,8463.0,8463.0,-0.01181753722524226,-0.01181753722524226,-0.01181753722524226,12,135808,63,False
flux2_klein4b_single_scaled_attention_aggregate_cond_resident__two_core__deterministic,fusion_conditioning_sensitivity,flux2_klein4b_single_scaled_attention_aggregate_cond_resident,two_core,deterministic,B2,32,8485.0,8485.0,-0.27180335618057194,-0.27180335618057194,-0.27180335618057194,12,135808,63,False
flux2_klein4b_single_scaled_attention_aggregate_cond_resident__two_core__deterministic,fusion_conditioning_sensitivity,flux2_klein4b_single_scaled_attention_aggregate_cond_resident,two_core,deterministic,B8,32,8551.0,8551.0,-1.051760813046561,-1.051760813046561,-1.051760813046561,12,135808,63,False
flux2_klein4b_single_scaled_attention_aggregate_cond_resident__two_core__deterministic,fusion_conditioning_sensitivity,flux2_klein4b_single_scaled_attention_aggregate_cond_resident,two_core,deterministic,H2,32,8485.0,8485.0,-0.27180335618057194,-0.27180335618057194,-0.27180335618057194,12,135808,63,False
flux2_klein4b_single_scaled_attention_aggregate_cond_resident__two_core__service,fusion_conditioning_sensitivity,flux2_klein4b_single_scaled_attention_aggregate_cond_resident,two_core,service,S8,32,8433.90513745728,9347.039529452153,0.0,0.0,0.0,12,135808,63,False
flux2_klein4b_single_scaled_attention_aggregate_cond_resident__two_core__service,fusion_conditioning_sensitivity,flux2_klein4b_single_scaled_attention_aggregate_cond_resident,two_core,service,S,32,8433.90513745728,9347.039529452153,0.0,0.0,0.0,12,135808,63,False
flux2_klein4b_single_scaled_attention_aggregate_cond_resident__two_core__service,fusion_conditioning_sensitivity,flux2_klein4b_single_scaled_attention_aggregate_cond_resident,two_core,service,B0,32,8434.90513745728,9348.039529452153,-0.011914200478823916,-0.012204213751321658,-0.011624187206326174,12,135808,63,False
flux2_klein4b_single_scaled_attention_aggregate_cond_resident__two_core__service,fusion_conditioning_sensitivity,flux2_klein4b_single_scaled_attention_aggregate_cond_resident,two_core,service,B2,32,8456.90513745728,9370.039529452153,-0.27402661101295633,-0.28069691628039783,-0.26735630574551483,12,135808,63,False
flux2_klein4b_single_scaled_attention_aggregate_cond_resident__two_core__service,fusion_conditioning_sensitivity,flux2_klein4b_single_scaled_attention_aggregate_cond_resident,two_core,service,B8,32,8522.90513745728,9436.039529452153,-1.0603638426153532,-1.086175023867626,-1.0345526613630804,12,135808,63,False
flux2_klein4b_single_scaled_attention_aggregate_cond_resident__two_core__service,fusion_conditioning_sensitivity,flux2_klein4b_single_scaled_attention_aggregate_cond_resident,two_core,service,H2,32,8456.90513745728,9370.039529452153,-0.27402661101295633,-0.28069691628039783,-0.26735630574551483,12,135808,63,False
flux2_klein4b_single_scaled_attention_aggregate_cond_resident__two_core__calendar,fusion_conditioning_sensitivity,flux2_klein4b_single_scaled_attention_aggregate_cond_resident,two_core,calendar,S8,32,10533.704080786136,10592.25,0.004288355779408142,-0.015178942454890609,0.023755654013706894,12,135808,118,False
flux2_klein4b_single_scaled_attention_aggregate_cond_resident__two_core__calendar,fusion_conditioning_sensitivity,flux2_klein4b_single_scaled_attention_aggregate_cond_resident,two_core,calendar,S,32,10534.163239447493,10594.817351201815,0.0,0.0,0.0,12,135808,118,False
flux2_klein4b_single_scaled_attention_aggregate_cond_resident__two_core__calendar,fusion_conditioning_sensitivity,flux2_klein4b_single_scaled_attention_aggregate_cond_resident,two_core,calendar,B0,32,10534.030508316193,10589.879851201813,0.0011663283145465421,-0.01943264761573163,0.021765304244824715,12,135808,118,False
flux2_klein4b_single_scaled_attention_aggregate_cond_resident__two_core__calendar,fusion_conditioning_sensitivity,flux2_klein4b_single_scaled_attention_aggregate_cond_resident,two_core,calendar,B2,32,10557.61960414617,10604.5,-0.2229268018820206,-0.28427015352248286,-0.16158345024155837,12,135808,118,False
flux2_klein4b_single_scaled_attention_aggregate_cond_resident__two_core__calendar,fusion_conditioning_sensitivity,flux2_klein4b_single_scaled_attention_aggregate_cond_resident,two_core,calendar,B8,32,10657.474935784194,10663.000000000002,-1.172191810877105,-1.3236889843325528,-1.0206946374216572,12,135808,118,False
flux2_klein4b_single_scaled_attention_aggregate_cond_resident__two_core__calendar,fusion_conditioning_sensitivity,flux2_klein4b_single_scaled_attention_aggregate_cond_resident,two_core,calendar,H2,32,10557.61960414617,10604.5,-0.2229268018820206,-0.28427015352248286,-0.16158345024155837,12,135808,118,False
flux2_klein4b_single_scaled_attention_aggregate_cond_resident__two_core__combined,fusion_conditioning_sensitivity,flux2_klein4b_single_scaled_attention_aggregate_cond_resident,two_core,combined,S8,32,10499.8914211059,11985.17123011169,-0.04868319216811297,-0.17972433042159647,0.08235794608537055,12,135808,67,False
flux2_klein4b_single_scaled_attention_aggregate_cond_resident__two_core__combined,fusion_conditioning_sensitivity,flux2_klein4b_single_scaled_attention_aggregate_cond_resident,two_core,combined,S,32,10494.257870852882,11903.75735070607,0.0,0.0,0.0,12,135808,67,False
flux2_klein4b_single_scaled_attention_aggregate_cond_resident__two_core__combined,fusion_conditioning_sensitivity,flux2_klein4b_single_scaled_attention_aggregate_cond_resident,two_core,combined,B0,32,10500.622016915888,11986.671230111688,-0.05528597391054413,-0.1876158585043287,0.07704391068324043,12,135808,67,False
flux2_klein4b_single_scaled_attention_aggregate_cond_resident__two_core__combined,fusion_conditioning_sensitivity,flux2_klein4b_single_scaled_attention_aggregate_cond_resident,two_core,combined,B2,32,10528.752127033968,12007.171230111688,-0.3198834494543931,-0.4737150790116117,-0.16605181989717457,12,135808,67,False
flux2_klein4b_single_scaled_attention_aggregate_cond_resident__two_core__combined,fusion_conditioning_sensitivity,flux2_klein4b_single_scaled_attention_aggregate_cond_resident,two_core,combined,B8,32,10608.854418697942,12068.671230111688,-1.081382572242813,-1.2878354244906003,-0.8749297199950257,12,135808,67,False
flux2_klein4b_single_scaled_attention_aggregate_cond_resident__two_core__combined,fusion_conditioning_sensitivity,flux2_klein4b_single_scaled_attention_aggregate_cond_resident,two_core,combined,H2,32,10528.752127033968,12007.171230111688,-0.3198834494543931,-0.4737150790116117,-0.16605181989717457,12,135808,67,False
qwen35_full_decode__split_engine_ports__service,pipeline_port_sensitivity,qwen35_full_decode,split_engine_ports,service,S8,32,9110.931361632774,10291.168790999352,0.0,0.0,0.0,32,148736,152,True
qwen35_full_decode__split_engine_ports__service,pipeline_port_sensitivity,qwen35_full_decode,split_engine_ports,service,S,32,9110.931361632774,10291.168790999352,0.0,0.0,0.0,32,148736,152,True
qwen35_full_decode__split_engine_ports__service,pipeline_port_sensitivity,qwen35_full_decode,split_engine_ports,service,B0,32,9101.284660004661,10275.168790999352,0.10466324096787008,0.07492397779168421,0.13440250414405597,32,148736,152,True
qwen35_full_decode__split_engine_ports__service,pipeline_port_sensitivity,qwen35_full_decode,split_engine_ports,service,B2,32,9133.690910004661,10305.168790999352,-0.2538089715813945,-0.2978748401476372,-0.20974310301515173,32,148736,152,True
qwen35_full_decode__split_engine_ports__service,pipeline_port_sensitivity,qwen35_full_decode,split_engine_ports,service,B8,32,9232.19686037131,10395.168790999352,-1.3423232922989516,-1.4303980185140566,-1.2542485660838467,32,148736,152,True
qwen35_full_decode__split_engine_ports__service,pipeline_port_sensitivity,qwen35_full_decode,split_engine_ports,service,H2,32,9133.690910004661,10305.168790999352,-0.2538089715813945,-0.2978748401476372,-0.20974310301515173,32,148736,152,True
qwen35_full_decode__split_engine_ports__calendar,pipeline_port_sensitivity,qwen35_full_decode,split_engine_ports,calendar,S8,32,11902.70573589993,11948.5,-0.15206413733596996,-0.16670497036325355,-0.13742330430868638,32,148736,152,True
qwen35_full_decode__split_engine_ports__calendar,pipeline_port_sensitivity,qwen35_full_decode,split_engine_ports,calendar,S,32,11884.638715928815,11932.249999992498,0.0,0.0,0.0,32,148736,152,True
qwen35_full_decode__split_engine_ports__calendar,pipeline_port_sensitivity,qwen35_full_decode,split_engine_ports,calendar,B0,32,11885.770011577799,11932.5,-0.009526146199829513,-0.01239589885174163,-0.006656393547917397,32,148736,152,True
qwen35_full_decode__split_engine_ports__calendar,pipeline_port_sensitivity,qwen35_full_decode,split_engine_ports,calendar,B2,32,11916.217201927784,11962.230885323203,-0.265803947671168,-0.3126918534982568,-0.21891604184407917,32,148736,152,True
qwen35_full_decode__split_engine_ports__calendar,pipeline_port_sensitivity,qwen35_full_decode,split_engine_ports,calendar,B8,32,12007.113134059153,12054.0,-1.0312929275604479,-1.1526370540658304,-0.9099488010550654,32,148736,152,True
qwen35_full_decode__split_engine_ports__calendar,pipeline_port_sensitivity,qwen35_full_decode,split_engine_ports,calendar,H2,32,11916.217201927784,11962.230885323203,-0.265803947671168,-0.3126918534982568,-0.21891604184407917,32,148736,152,True
qwen35_linear_decode__split_engine_ports__service,pipeline_port_sensitivity,qwen35_linear_decode,split_engine_ports,service,S8,32,11434.692105904127,13368.723754841194,-0.3740341188320678,-0.405272150114532,-0.34279608754960356,30,196032,152,True
qwen35_linear_decode__split_engine_ports__service,pipeline_port_sensitivity,qwen35_linear_decode,split_engine_ports,service,S,32,11392.358800359543,13325.786727819152,0.0,0.0,0.0,30,196032,152,True
qwen35_linear_decode__split_engine_ports__service,pipeline_port_sensitivity,qwen35_linear_decode,split_engine_ports,service,B0,32,11425.068841776014,13352.723754841194,-0.29106193453526047,-0.3327658680657057,-0.24935800100481526,30,196032,152,True
qwen35_linear_decode__split_engine_ports__service,pipeline_port_sensitivity,qwen35_linear_decode,split_engine_ports,service,B2,32,11459.943841776014,13386.723754841194,-0.599491605706523,-0.6481103837728819,-0.5508728276401642,30,196032,152,True
qwen35_linear_decode__split_engine_ports__service,pipeline_port_sensitivity,qwen35_linear_decode,split_engine_ports,service,B8,32,11564.764553659343,13488.723754841194,-1.5262787410992669,-1.6000939929694686,-1.452463489229065,30,196032,152,True
qwen35_linear_decode__split_engine_ports__service,pipeline_port_sensitivity,qwen35_linear_decode,split_engine_ports,service,H2,32,11459.943841776014,13386.723754841194,-0.599491605706523,-0.6481103837728819,-0.5508728276401642,30,196032,152,True
qwen35_linear_decode__split_engine_ports__calendar,pipeline_port_sensitivity,qwen35_linear_decode,split_engine_ports,calendar,S8,32,15225.836166505693,15279.061641894294,-0.4084545032952915,-0.4377461153986974,-0.37916289119188556,30,196032,152,True
qwen35_linear_decode__split_engine_ports__calendar,pipeline_port_sensitivity,qwen35_linear_decode,split_engine_ports,calendar,S,32,15163.915371839768,15221.311641894294,0.0,0.0,0.0,30,196032,152,True
qwen35_linear_decode__split_engine_ports__calendar,pipeline_port_sensitivity,qwen35_linear_decode,split_engine_ports,calendar,B0,32,15209.53272640965,15263.061641894294,-0.30092289971649766,-0.32783477195061245,-0.2740110274823829,30,196032,152,True
qwen35_linear_decode__split_engine_ports__calendar,pipeline_port_sensitivity,qwen35_linear_decode,split_engine_ports,calendar,B2,32,15242.937688471897,15293.061206522672,-0.5212790947484609,-0.5602112277499653,-0.48234696174695646,30,196032,152,True
qwen35_linear_decode__split_engine_ports__calendar,pipeline_port_sensitivity,qwen35_linear_decode,split_engine_ports,calendar,B8,32,15372.720072476888,15410.000000000004,-1.377177760860159,-1.4077323928811702,-1.3466231288391477,30,196032,152,True
qwen35_linear_decode__split_engine_ports__calendar,pipeline_port_sensitivity,qwen35_linear_decode,split_engine_ports,calendar,H2,32,15242.937688471897,15293.061206522672,-0.5212790947484609,-0.5602112277499653,-0.48234696174695646,30,196032,152,True
flux2_klein4b_double_scaled__split_engine_ports__service,pipeline_port_sensitivity,flux2_klein4b_double_scaled,split_engine_ports,service,S8,32,15287.953329558659,16483.160097673564,-0.09413837086533375,-0.10624039075264849,-0.08203635097801901,51,249152,151,True
flux2_klein4b_double_scaled__split_engine_ports__service,pipeline_port_sensitivity,flux2_klein4b_double_scaled,split_engine_ports,service,S,32,15273.572946521123,16473.794370379976,0.0,0.0,0.0,51,249152,151,True
flux2_klein4b_double_scaled__split_engine_ports__service,pipeline_port_sensitivity,flux2_klein4b_double_scaled,split_engine_ports,service,B0,32,16561.34337293022,18309.91157999372,-8.41841719987841,-9.404292691083931,-7.43254170867289,51,249152,151,True
flux2_klein4b_double_scaled__split_engine_ports__service,pipeline_port_sensitivity,flux2_klein4b_double_scaled,split_engine_ports,service,B2,32,16606.21837293022,18353.91157999372,-8.71292082626759,-9.697689317117993,-7.728152335417188,51,249152,151,True
flux2_klein4b_double_scaled__split_engine_ports__service,pipeline_port_sensitivity,flux2_klein4b_double_scaled,split_engine_ports,service,B8,32,16740.844916080165,18485.91157999372,-9.596441535996428,-10.57828473313793,-8.614598338854925,51,249152,151,True
flux2_klein4b_double_scaled__split_engine_ports__service,pipeline_port_sensitivity,flux2_klein4b_double_scaled,split_engine_ports,service,H2,32,16614.524670893632,18353.91157999372,-8.751627612305388,-9.70815688751733,-7.795098337093446,51,249152,151,True
flux2_klein4b_double_scaled__split_engine_ports__calendar,pipeline_port_sensitivity,flux2_klein4b_double_scaled,split_engine_ports,calendar,S8,32,19646.224725064618,19716.252900197844,-2.137094435812775,-2.3150017230628315,-1.9591871485627186,51,249152,151,True
flux2_klein4b_double_scaled__split_engine_ports__calendar,pipeline_port_sensitivity,flux2_klein4b_double_scaled,split_engine_ports,calendar,S,32,19235.42504198971,19334.94460049767,0.0,0.0,0.0,51,249152,151,True
flux2_klein4b_double_scaled__split_engine_ports__calendar,pipeline_port_sensitivity,flux2_klein4b_double_scaled,split_engine_ports,calendar,B0,32,20541.4810443982,20570.250000000004,-6.79098858135384,-6.930711169309571,-6.651265993398109,51,249152,151,True
flux2_klein4b_double_scaled__split_engine_ports__calendar,pipeline_port_sensitivity,flux2_klein4b_double_scaled,split_engine_ports,calendar,B2,32,20592.544455626048,20662.373706522674,-7.05625258639312,-7.197585251274093,-6.914919921512146,51,249152,151,True
flux2_klein4b_double_scaled__split_engine_ports__calendar,pipeline_port_sensitivity,flux2_klein4b_double_scaled,split_engine_ports,calendar,B8,32,20679.295973418208,20771.24853644637,-7.50649174016582,-7.548247735529575,-7.464735744802065,51,249152,151,True
flux2_klein4b_double_scaled__split_engine_ports__calendar,pipeline_port_sensitivity,flux2_klein4b_double_scaled,split_engine_ports,calendar,H2,32,22043.402321345715,22283.752888211577,-14.600273816532576,-15.195906976643986,-14.004640656421167,51,249152,151,True
flux2_klein4b_single_scaled__split_engine_ports__service,pipeline_port_sensitivity,flux2_klein4b_single_scaled,split_engine_ports,service,S8,32,12488.009790370359,13444.791761274031,-0.9036830406485699,-0.9235169799148043,-0.8838491013823354,23,160448,145,True
flux2_klein4b_single_scaled__split_engine_ports__service,pipeline_port_sensitivity,flux2_klein4b_single_scaled,split_engine_ports,service,S,32,12376.4158741357,13340.526395582958,0.0,0.0,0.0,23,160448,145,True
flux2_klein4b_single_scaled__split_engine_ports__service,pipeline_port_sensitivity,flux2_klein4b_single_scaled,split_engine_ports,service,B0,32,13259.4158741357,14223.526395582958,-7.149199593226318,-7.263268057588217,-7.035131128864419,23,160448,145,True
flux2_klein4b_single_scaled__split_engine_ports__service,pipeline_port_sensitivity,flux2_klein4b_single_scaled,split_engine_ports,service,B2,32,13295.4158741357,14259.526395582958,-7.440673189326146,-7.559392236606537,-7.3219541420457555,23,160448,145,True
flux2_klein4b_single_scaled__split_engine_ports__service,pipeline_port_sensitivity,flux2_klein4b_single_scaled,split_engine_ports,service,B8,32,13403.4158741357,14367.526395582958,-8.315093977625628,-8.447764773661493,-8.182423181589762,23,160448,145,True
flux2_klein4b_single_scaled__split_engine_ports__service,pipeline_port_sensitivity,flux2_klein4b_single_scaled,split_engine_ports,service,H2,32,13295.4158741357,14259.526395582958,-7.440673189326146,-7.559392236606537,-7.3219541420457555,23,160448,145,True
flux2_klein4b_single_scaled__split_engine_ports__calendar,pipeline_port_sensitivity,flux2_klein4b_single_scaled,split_engine_ports,calendar,S8,32,15398.758664217106,15466.25,-1.085505460500597,-1.1215201285805438,-1.04949079242065,23,160448,145,True
flux2_klein4b_single_scaled__split_engine_ports__calendar,pipeline_port_sensitivity,flux2_klein4b_single_scaled,split_engine_ports,calendar,S,32,15233.420182940694,15308.352310569262,0.0,0.0,0.0,23,160448,145,True
flux2_klein4b_single_scaled__split_engine_ports__calendar,pipeline_port_sensitivity,flux2_klein4b_single_scaled,split_engine_ports,calendar,B0,32,16162.57415220082,16238.5625,-6.099687930608009,-6.175418063843708,-6.02395779737231,23,160448,145,True
flux2_klein4b_single_scaled__split_engine_ports__calendar,pipeline_port_sensitivity,flux2_klein4b_single_scaled,split_engine_ports,calendar,B2,32,16186.774731870066,16269.914810569262,-6.258310682474347,-6.289465242074127,-6.227156122874567,23,160448,145,True
flux2_klein4b_single_scaled__split_engine_ports__calendar,pipeline_port_sensitivity,flux2_klein4b_single_scaled,split_engine_ports,calendar,B8,32,16250.995483013538,16347.135255196368,-6.680424598844903,-6.795428152569408,-6.565421045120398,23,160448,145,True
flux2_klein4b_single_scaled__split_engine_ports__calendar,pipeline_port_sensitivity,flux2_klein4b_single_scaled,split_engine_ports,calendar,H2,32,16186.774731870066,16269.914810569262,-6.258310682474347,-6.289465242074127,-6.227156122874567,23,160448,145,True
qwen35_full_decode_attention_fused__split_engine_ports__service,pipeline_port_sensitivity,qwen35_full_decode_attention_fused,split_engine_ports,service,S8,32,9114.314971605556,10291.168790999352,0.0,0.0,0.0,28,149824,152,True
qwen35_full_decode_attention_fused__split_engine_ports__service,pipeline_port_sensitivity,qwen35_full_decode_attention_fused,split_engine_ports,service,S,32,9114.314971605556,10291.168790999352,0.0,0.0,0.0,28,149824,152,True
qwen35_full_decode_attention_fused__split_engine_ports__service,pipeline_port_sensitivity,qwen35_full_decode_attention_fused,split_engine_ports,service,B0,32,9104.871794360772,10275.168790999352,0.1022946332861246,0.07200703633025174,0.13258223024199747,28,149824,152,True
qwen35_full_decode_attention_fused__split_engine_ports__service,pipeline_port_sensitivity,qwen35_full_decode_attention_fused,split_engine_ports,service,B2,32,9136.621794360772,10305.168790999352,-0.248340448508311,-0.28859051491118903,-0.20809038210543296,28,149824,152,True
qwen35_full_decode_attention_fused__split_engine_ports__service,pipeline_port_sensitivity,qwen35_full_decode_attention_fused,split_engine_ports,service,B8,32,9232.82186037131,10395.168790999352,-1.310393596058199,-1.384698068114508,-1.2360891240018899,28,149824,152,True
qwen35_full_decode_attention_fused__split_engine_ports__service,pipeline_port_sensitivity,qwen35_full_decode_attention_fused,split_engine_ports,service,H2,32,9136.621794360772,10305.168790999352,-0.248340448508311,-0.28859051491118903,-0.20809038210543296,28,149824,152,True
qwen35_full_decode_attention_fused__split_engine_ports__calendar,pipeline_port_sensitivity,qwen35_full_decode_attention_fused,split_engine_ports,calendar,S8,32,11902.70573589993,11948.5,-0.3068715419481436,-0.3216591327491985,-0.2920839511470887,28,149824,152,True
qwen35_full_decode_attention_fused__split_engine_ports__calendar,pipeline_port_sensitivity,qwen35_full_decode_attention_fused,split_engine_ports,calendar,S,32,11866.297973317318,11914.771479214527,0.0,0.0,0.0,28,149824,152,True
qwen35_full_decode_attention_fused__split_engine_ports__calendar,pipeline_port_sensitivity,qwen35_full_decode_attention_fused,split_engine_ports,calendar,B0,32,11885.770011577799,11932.5,-0.1641133379024166,-0.16794517415579632,-0.1602815016490369,28,149824,152,True
qwen35_full_decode_attention_fused__split_engine_ports__calendar,pipeline_port_sensitivity,qwen35_full_decode_attention_fused,split_engine_ports,calendar,B2,32,11916.217201927784,11962.230885323203,-0.42078434827509864,-0.46703161420371603,-0.37453708234648125,28,149824,152,True
qwen35_full_decode_attention_fused__split_engine_ports__calendar,pipeline_port_sensitivity,qwen35_full_decode_attention_fused,split_engine_ports,calendar,B8,32,12007.113134059153,12054.0,-1.1874548129605176,-1.3085293665597868,-1.0663802593612484,28,149824,152,True
qwen35_full_decode_attention_fused__split_engine_ports__calendar,pipeline_port_sensitivity,qwen35_full_decode_attention_fused,split_engine_ports,calendar,H2,32,11916.217201927784,11962.230885323203,-0.42078434827509864,-0.46703161420371603,-0.37453708234648125,28,149824,152,True
flux2_klein4b_double_scaled_attention_aggregate_cond_resident__split_engine_ports__service,pipeline_port_sensitivity,flux2_klein4b_double_scaled_attention_aggregate_cond_resident,split_engine_ports,service,S8,32,11535.337926669246,12681.021641796657,-1.0429612515587126,-1.93000482685808,-0.15591767625934505,37,205312,152,True
flux2_klein4b_double_scaled_attention_aggregate_cond_resident__split_engine_ports__service,pipeline_port_sensitivity,flux2_klein4b_double_scaled_attention_aggregate_cond_resident,split_engine_ports,service,S,32,11418.527728562065,12470.734490622917,0.0,0.0,0.0,37,205312,152,True
flux2_klein4b_double_scaled_attention_aggregate_cond_resident__split_engine_ports__service,pipeline_port_sensitivity,flux2_klein4b_double_scaled_attention_aggregate_cond_resident,split_engine_ports,service,B0,32,11685.653677354243,12776.029758953948,-2.3605643607772095,-3.488453710452488,-1.232675011101931,37,205312,152,True
flux2_klein4b_double_scaled_attention_aggregate_cond_resident__split_engine_ports__service,pipeline_port_sensitivity,flux2_klein4b_double_scaled_attention_aggregate_cond_resident,split_engine_ports,service,B2,32,11746.632031692761,12814.029758953948,-2.9017136072605654,-3.9713170265043987,-1.8321101880167323,37,205312,152,True
flux2_klein4b_double_scaled_attention_aggregate_cond_resident__split_engine_ports__service,pipeline_port_sensitivity,flux2_klein4b_double_scaled_attention_aggregate_cond_resident,split_engine_ports,service,B8,32,11777.106492568922,12928.02975895395,-3.130490960676192,-4.164952470529769,-2.0960294508226145,37,205312,152,True
flux2_klein4b_double_scaled_attention_aggregate_cond_resident__split_engine_ports__service,pipeline_port_sensitivity,flux2_klein4b_double_scaled_attention_aggregate_cond_resident,split_engine_ports,service,H2,32,11746.632031692761,12814.029758953948,-2.9017136072605654,-3.9713170265043987,-1.8321101880167323,37,205312,152,True
flux2_klein4b_double_scaled_attention_aggregate_cond_resident__split_engine_ports__calendar,pipeline_port_sensitivity,flux2_klein4b_double_scaled_attention_aggregate_cond_resident,split_engine_ports,calendar,S8,32,13932.617504433878,13982.999999999998,-0.12157819626571283,-0.15139487431935014,-0.09176151821207551,37,205312,152,True
flux2_klein4b_double_scaled_attention_aggregate_cond_resident__split_engine_ports__calendar,pipeline_port_sensitivity,flux2_klein4b_double_scaled_attention_aggregate_cond_resident,split_engine_ports,calendar,S,32,13915.707893392882,13967.999999999998,0.0,0.0,0.0,37,205312,152,True
flux2_klein4b_double_scaled_attention_aggregate_cond_resident__split_engine_ports__calendar,pipeline_port_sensitivity,flux2_klein4b_double_scaled_attention_aggregate_cond_resident,split_engine_ports,calendar,B0,32,15112.133205133632,15134.0,-8.59846498245331,-8.702993260211471,-8.493936704695148,37,205312,152,True
flux2_klein4b_double_scaled_attention_aggregate_cond_resident__split_engine_ports__calendar,pipeline_port_sensitivity,flux2_klein4b_double_scaled_attention_aggregate_cond_resident,split_engine_ports,calendar,B2,32,15177.987699437792,15197.000000000004,-9.071801741956538,-9.185692587504054,-8.957910896409022,37,205312,152,True
flux2_klein4b_double_scaled_attention_aggregate_cond_resident__split_engine_ports__calendar,pipeline_port_sensitivity,flux2_klein4b_double_scaled_attention_aggregate_cond_resident,split_engine_ports,calendar,B8,32,15303.672795125665,15360.561206522672,-9.974160222224842,-10.017044807265899,-9.931275637183786,37,205312,152,True
flux2_klein4b_double_scaled_attention_aggregate_cond_resident__split_engine_ports__calendar,pipeline_port_sensitivity,flux2_klein4b_double_scaled_attention_aggregate_cond_resident,split_engine_ports,calendar,H2,32,15177.987699437792,15197.000000000004,-9.071801741956538,-9.185692587504054,-8.957910896409022,37,205312,152,True
flux2_klein4b_single_scaled_attention_aggregate_cond_resident__split_engine_ports__service,pipeline_port_sensitivity,flux2_klein4b_single_scaled_attention_aggregate_cond_resident,split_engine_ports,service,S8,32,11408.31122122262,12325.544872631392,0.0,0.0,0.0,12,135808,74,False
flux2_klein4b_single_scaled_attention_aggregate_cond_resident__split_engine_ports__service,pipeline_port_sensitivity,flux2_klein4b_single_scaled_attention_aggregate_cond_resident,split_engine_ports,service,S,32,11408.31122122262,12325.544872631392,0.0,0.0,0.0,12,135808,74,False
flux2_klein4b_single_scaled_attention_aggregate_cond_resident__split_engine_ports__service,pipeline_port_sensitivity,flux2_klein4b_single_scaled_attention_aggregate_cond_resident,split_engine_ports,service,B0,32,11424.90513745728,12338.039529452153,-0.14634600560328492,-0.1604313615527611,-0.13226064965380874,12,135808,74,False
flux2_klein4b_single_scaled_attention_aggregate_cond_resident__split_engine_ports__service,pipeline_port_sensitivity,flux2_klein4b_single_scaled_attention_aggregate_cond_resident,split_engine_ports,service,B2,32,11446.90513745728,12360.039529452153,-0.3396989033346362,-0.3555867712602299,-0.3238110354090425,12,135808,74,False
flux2_klein4b_single_scaled_attention_aggregate_cond_resident__split_engine_ports__service,pipeline_port_sensitivity,flux2_klein4b_single_scaled_attention_aggregate_cond_resident,split_engine_ports,service,B8,32,11512.90513745728,12426.039529452153,-0.91975759652869,-0.9434325883655222,-0.8960826046918579,12,135808,74,False
flux2_klein4b_single_scaled_attention_aggregate_cond_resident__split_engine_ports__service,pipeline_port_sensitivity,flux2_klein4b_single_scaled_attention_aggregate_cond_resident,split_engine_ports,service,H2,32,11446.90513745728,12360.039529452153,-0.3396989033346362,-0.3555867712602299,-0.3238110354090425,12,135808,74,False
flux2_klein4b_single_scaled_attention_aggregate_cond_resident__split_engine_ports__calendar,pipeline_port_sensitivity,flux2_klein4b_single_scaled_attention_aggregate_cond_resident,split_engine_ports,calendar,S8,32,13571.144947195497,13617.000000000004,-0.5968217141948611,-0.7545210141929756,-0.4391224141967466,12,135808,143,True
flux2_klein4b_single_scaled_attention_aggregate_cond_resident__split_engine_ports__calendar,pipeline_port_sensitivity,flux2_klein4b_single_scaled_attention_aggregate_cond_resident,split_engine_ports,calendar,S,32,13490.773061178608,13549.0,0.0,0.0,0.0,12,135808,143,True
flux2_klein4b_single_scaled_attention_aggregate_cond_resident__split_engine_ports__calendar,pipeline_port_sensitivity,flux2_klein4b_single_scaled_attention_aggregate_cond_resident,split_engine_ports,calendar,B0,32,13594.25776806524,13660.25,-0.7680119986220725,-0.9314495040094557,-0.6045744932346893,12,135808,143,True
flux2_klein4b_single_scaled_attention_aggregate_cond_resident__split_engine_ports__calendar,pipeline_port_sensitivity,flux2_klein4b_single_scaled_attention_aggregate_cond_resident,split_engine_ports,calendar,B2,32,13611.497718611157,13679.311206522672,-0.8957453223010131,-1.0626202802044726,-0.7288703643975536,12,135808,143,True
flux2_klein4b_single_scaled_attention_aggregate_cond_resident__split_engine_ports__calendar,pipeline_port_sensitivity,flux2_klein4b_single_scaled_attention_aggregate_cond_resident,split_engine_ports,calendar,B8,32,13657.611010290699,13738.379851201815,-1.2370936979348732,-1.3724038104294172,-1.1017835854403293,12,135808,143,True
flux2_klein4b_single_scaled_attention_aggregate_cond_resident__split_engine_ports__calendar,pipeline_port_sensitivity,flux2_klein4b_single_scaled_attention_aggregate_cond_resident,split_engine_ports,calendar,H2,32,13611.497718611157,13679.311206522672,-0.8957453223010131,-1.0626202802044726,-0.7288703643975536,12,135808,143,True
