config,group,case,target,mode,policy,n,latency_mean,latency_p95,paired_reduction_pct,ci95_low,ci95_high
qwen35_full_decode__two_core__deterministic,main,qwen35_full_decode,two_core,deterministic,B_order0,32,7882.0,7882.0,0.0,0.0,0.0
qwen35_full_decode__two_core__deterministic,main,qwen35_full_decode,two_core,deterministic,B_order2,32,7912.0,7912.0,-0.3806140573458513,-0.3806140573458513,-0.3806140573458513
qwen35_full_decode__two_core__service,main,qwen35_full_decode,two_core,service,B_order0,32,8318.42021197394,9673.745089514572,0.0016308709114112806,0.0001022431522966214,0.0031594986705259396
qwen35_full_decode__two_core__service,main,qwen35_full_decode,two_core,service,B_order2,32,8350.51396197394,9703.745089514572,-0.38983281310887763,-0.41633936681344197,-0.3633262594043133
qwen35_full_decode__two_core__calendar,main,qwen35_full_decode,two_core,calendar,B_order0,32,11937.899578869134,11965.000000000004,-0.3952636925691272,-0.5054601234796381,-0.28506726165861623
qwen35_full_decode__two_core__calendar,main,qwen35_full_decode,two_core,calendar,B_order2,32,11974.421264261107,12030.561641894294,-0.7022353750398297,-0.8223970210360809,-0.5820737290435785
qwen35_full_decode__two_core__combined,main,qwen35_full_decode,two_core,combined,B_order0,32,12600.94891403132,14857.245089514574,0.0,0.0,0.0
qwen35_full_decode__two_core__combined,main,qwen35_full_decode,two_core,combined,B_order2,32,12633.991672651073,14881.245089514574,-0.2672934551635675,-0.3105269636642764,-0.2240599466628586
qwen35_full_decode__dma16__service,hardware_sensitivity,qwen35_full_decode,dma16,service,B_order0,32,15359.422962258917,18104.253639346643,0.0,0.0,0.0
qwen35_full_decode__dma16__service,hardware_sensitivity,qwen35_full_decode,dma16,service,B_order2,32,15389.422962258917,18134.253639346643,-0.197859506951614,-0.20590750240724506,-0.18981151149598294
qwen35_full_decode__dma64__service,hardware_sensitivity,qwen35_full_decode,dma64,service,B_order0,32,5340.769055349541,6005.306652587734,-6.239962002861334,-7.799032221441528,-4.6808917842811395
qwen35_full_decode__dma64__service,hardware_sensitivity,qwen35_full_decode,dma64,service,B_order2,32,5384.821175794393,6051.306652587734,-7.121692403443854,-8.706801484795157,-5.53658332209255
qwen35_full_decode__sram_one_port__service,hardware_sensitivity,qwen35_full_decode,sram_one_port,service,B_order0,32,10954.249145835684,12325.245089514572,0.0,0.0,0.0
qwen35_full_decode__sram_one_port__service,hardware_sensitivity,qwen35_full_decode,sram_one_port,service,B_order2,32,11018.249145835684,12389.245089514572,-0.587941501746078,-0.604507292478983,-0.5713757110131729
qwen35_full_decode__one_operand_slot__service,hardware_sensitivity,qwen35_full_decode,one_operand_slot,service,B_order0,32,8497.342607085095,9791.245089514572,-0.7333914293027497,-0.8139009598122827,-0.6528818987932167
qwen35_full_decode__one_operand_slot__service,hardware_sensitivity,qwen35_full_decode,one_operand_slot,service,B_order2,32,8530.030107085095,9823.245089514572,-1.1249990748533492,-1.2061446462656467,-1.0438535034410517
qwen35_full_decode__four_operand_slots__service,hardware_sensitivity,qwen35_full_decode,four_operand_slots,service,B_order0,32,8794.342895835685,10162.995089514572,-5.2802414378059215,-5.4694789657958784,-5.0910039098159645
qwen35_full_decode__four_operand_slots__service,hardware_sensitivity,qwen35_full_decode,four_operand_slots,service,B_order2,32,8838.467895835685,10206.995089514572,-5.814088535398983,-6.017428511987174,-5.6107485588107915
qwen35_full_decode__sram2MiB__service,hardware_sensitivity,qwen35_full_decode,sram2MiB,service,B_order0,32,8318.42021197394,9673.745089514572,0.0016308709114112806,0.0001022431522966214,0.0031594986705259396
qwen35_full_decode__sram2MiB__service,hardware_sensitivity,qwen35_full_decode,sram2MiB,service,B_order2,32,8350.51396197394,9703.745089514572,-0.38983281310887763,-0.41633936681344197,-0.3633262594043133
qwen35_full_decode__sram8MiB__service,hardware_sensitivity,qwen35_full_decode,sram8MiB,service,B_order0,32,8318.42021197394,9673.745089514572,0.0016308709114112806,0.0001022431522966214,0.0031594986705259396
qwen35_full_decode__sram8MiB__service,hardware_sensitivity,qwen35_full_decode,sram8MiB,service,B_order2,32,8350.51396197394,9703.745089514572,-0.38983281310887763,-0.41633936681344197,-0.3633262594043133
qwen35_linear_decode__two_core__deterministic,main,qwen35_linear_decode,two_core,deterministic,B_order0,32,9789.5,9789.5,-6.390262457208064,-6.390262457208064,-6.390262457208064
qwen35_linear_decode__two_core__deterministic,main,qwen35_linear_decode,two_core,deterministic,B_order2,32,9825.5,9825.5,-6.781503015812639,-6.781503015812639,-6.781503015812639
qwen35_linear_decode__two_core__service,main,qwen35_linear_decode,two_core,service,B_order0,32,9865.507203219218,11757.17088389384,-5.139708355416129,-5.64403693221443,-4.635379778617828
qwen35_linear_decode__two_core__service,main,qwen35_linear_decode,two_core,service,B_order2,32,9901.72401429053,11793.17088389384,-5.530036189875908,-6.037129190896683,-5.022943188855133
qwen35_linear_decode__two_core__calendar,main,qwen35_linear_decode,two_core,calendar,B_order0,32,14307.795621232073,14387.577052367868,-4.002191631086927,-4.070550445125682,-3.9338328170481724
qwen35_linear_decode__two_core__calendar,main,qwen35_linear_decode,two_core,calendar,B_order2,32,14341.227053572922,14415.500000000002,-4.245282013459819,-4.3390949146950755,-4.151469112224562
qwen35_linear_decode__two_core__combined,main,qwen35_linear_decode,two_core,combined,B_order0,32,14386.208926751273,17398.627198190352,-4.338632637844523,-4.601611171613935,-4.07565410407511
qwen35_linear_decode__two_core__combined,main,qwen35_linear_decode,two_core,combined,B_order2,32,14422.38285989394,17450.37719819035,-4.6010865965347865,-4.860968721955405,-4.3412044711141675
qwen35_linear_decode__dma16__service,hardware_sensitivity,qwen35_linear_decode,dma16,service,B_order0,32,17313.46856008402,21080.56891822291,-3.697136200452123,-3.8523052378362377,-3.541967163068008
qwen35_linear_decode__dma16__service,hardware_sensitivity,qwen35_linear_decode,dma16,service,B_order2,32,17349.46856008402,21116.56891822291,-3.915723389152467,-4.080059044919603,-3.7513877333853314
qwen35_linear_decode__dma64__service,hardware_sensitivity,qwen35_linear_decode,dma64,service,B_order0,32,6193.349123978086,7093.436155867912,0.007427402439739207,0.004545374112019566,0.010309430767458848
qwen35_linear_decode__dma64__service,hardware_sensitivity,qwen35_linear_decode,dma64,service,B_order2,32,6231.452444375326,7129.436155867912,-0.6120952138538017,-0.632968586094365,-0.5912218416132384
qwen35_linear_decode__sram_one_port__service,hardware_sensitivity,qwen35_linear_decode,sram_one_port,service,B_order0,32,11726.680564398996,13607.598969851811,0.0,0.0,0.0
qwen35_linear_decode__sram_one_port__service,hardware_sensitivity,qwen35_linear_decode,sram_one_port,service,B_order2,32,11786.680564398996,13667.598969851811,-0.5153244116523548,-0.5306190719705888,-0.5000297513341208
qwen35_linear_decode__one_operand_slot__service,hardware_sensitivity,qwen35_linear_decode,one_operand_slot,service,B_order0,32,9718.202660727744,11519.47544460148,-2.7239557871153286,-2.8226374528724603,-2.625274121358197
qwen35_linear_decode__one_operand_slot__service,hardware_sensitivity,qwen35_linear_decode,one_operand_slot,service,B_order2,32,9757.758078893414,11557.47544460148,-3.146746834667925,-3.262562420160751,-3.0309312491750986
qwen35_linear_decode__four_operand_slots__service,hardware_sensitivity,qwen35_linear_decode,four_operand_slots,service,B_order0,32,8690.61779510992,10521.91311118795,-2.0572997546896175,-3.310656812832579,-0.8039426965466563
qwen35_linear_decode__four_operand_slots__service,hardware_sensitivity,qwen35_linear_decode,four_operand_slots,service,B_order2,32,8732.96154510992,10563.91311118795,-2.560531294860528,-3.822683134823272,-1.2983794548977843
qwen35_linear_decode__sram2MiB__service,hardware_sensitivity,qwen35_linear_decode,sram2MiB,service,B_order0,32,9865.507203219218,11757.17088389384,-5.139708355416129,-5.64403693221443,-4.635379778617828
qwen35_linear_decode__sram2MiB__service,hardware_sensitivity,qwen35_linear_decode,sram2MiB,service,B_order2,32,9901.72401429053,11793.17088389384,-5.530036189875908,-6.037129190896683,-5.022943188855133
qwen35_linear_decode__sram8MiB__service,hardware_sensitivity,qwen35_linear_decode,sram8MiB,service,B_order0,32,9865.507203219218,11757.17088389384,-5.139708355416129,-5.64403693221443,-4.635379778617828
qwen35_linear_decode__sram8MiB__service,hardware_sensitivity,qwen35_linear_decode,sram8MiB,service,B_order2,32,9901.72401429053,11793.17088389384,-5.530036189875908,-6.037129190896683,-5.022943188855133
flux2_klein4b_double_scaled__two_core__deterministic,main,flux2_klein4b_double_scaled,two_core,deterministic,B_order0,32,12939.0625,12939.0625,0.0,0.0,0.0
flux2_klein4b_double_scaled__two_core__deterministic,main,flux2_klein4b_double_scaled,two_core,deterministic,B_order2,32,12993.0625,12993.0625,-0.4173409008573844,-0.4173409008573844,-0.4173409008573844
flux2_klein4b_double_scaled__two_core__service,main,flux2_klein4b_double_scaled,two_core,service,B_order0,32,13422.340690934532,14767.013251445836,-0.05303209912697548,-0.16494698069763547,0.05888278244368452
flux2_klein4b_double_scaled__two_core__service,main,flux2_klein4b_double_scaled,two_core,service,B_order2,32,13469.191947145124,14807.013251445836,-0.4059267941176954,-0.5264180974926885,-0.2854354907427022
flux2_klein4b_double_scaled__two_core__calendar,main,flux2_klein4b_double_scaled,two_core,calendar,B_order0,32,18524.567228284635,18609.85656899546,0.0,0.0,0.0
flux2_klein4b_double_scaled__two_core__calendar,main,flux2_klein4b_double_scaled,two_core,calendar,B_order2,32,18565.32196026687,18640.0878763784,-0.22019759687016263,-0.27070397802393165,-0.16969121571639362
flux2_klein4b_double_scaled__two_core__combined,main,flux2_klein4b_double_scaled,two_core,combined,B_order0,32,19022.792619875156,21725.405155820794,0.0,0.0,0.0
flux2_klein4b_double_scaled__two_core__combined,main,flux2_klein4b_double_scaled,two_core,combined,B_order2,32,19073.29549963141,21741.897638107694,-0.2640485518766574,-0.34964017769874184,-0.17845692605457292
flux2_klein4b_double_scaled__dma16__service,hardware_sensitivity,flux2_klein4b_double_scaled,dma16,service,B_order0,32,23749.406883231342,28056.946241391834,-4.278970330619781,-5.909793785966865,-2.648146875272696
flux2_klein4b_double_scaled__dma16__service,hardware_sensitivity,flux2_klein4b_double_scaled,dma16,service,B_order2,32,23797.716613280434,28110.946241391834,-4.494052620268053,-6.13656253893922,-2.8515427015968857
flux2_klein4b_double_scaled__dma64__service,hardware_sensitivity,flux2_klein4b_double_scaled,dma64,service,B_order0,32,9566.722757265114,10261.265302174479,0.6864340039886325,0.2836677518101419,1.089200256167123
flux2_klein4b_double_scaled__dma64__service,hardware_sensitivity,flux2_klein4b_double_scaled,dma64,service,B_order2,32,9620.531162687603,10317.265302174479,0.12665110253173814,-0.2751771979510733,0.5284794030145495
flux2_klein4b_double_scaled__sram_one_port__service,hardware_sensitivity,flux2_klein4b_double_scaled,sram_one_port,service,B_order0,32,22117.12237024885,23945.231723395806,0.0,0.0,0.0
flux2_klein4b_double_scaled__sram_one_port__service,hardware_sensitivity,flux2_klein4b_double_scaled,sram_one_port,service,B_order2,32,22219.12237024885,24047.231723395806,-0.46245506861140157,-0.47109119563811225,-0.4538189415846909
flux2_klein4b_double_scaled__one_operand_slot__service,hardware_sensitivity,flux2_klein4b_double_scaled,one_operand_slot,service,B_order0,32,15150.927739743302,17013.6769001171,-3.3766351955559886,-3.611172153281853,-3.1420982378301243
flux2_klein4b_double_scaled__one_operand_slot__service,hardware_sensitivity,flux2_klein4b_double_scaled,one_operand_slot,service,B_order2,32,15214.894867505698,17075.6769001171,-3.8156538942472435,-4.054547218581409,-3.576760569913078
flux2_klein4b_double_scaled__four_operand_slots__service,hardware_sensitivity,flux2_klein4b_double_scaled,four_operand_slots,service,B_order0,32,13964.95988286301,15817.97976425787,-3.6780997132288853,-4.9827547075648075,-2.373444718892963
flux2_klein4b_double_scaled__four_operand_slots__service,hardware_sensitivity,flux2_klein4b_double_scaled,four_operand_slots,service,B_order2,32,14015.721655710053,15867.97976425787,-4.056859647139258,-5.365896326829936,-2.74782296744858
flux2_klein4b_double_scaled__sram2MiB__service,hardware_sensitivity,flux2_klein4b_double_scaled,sram2MiB,service,B_order0,32,13422.340690934532,14767.013251445836,-0.05303209912697548,-0.16494698069763547,0.05888278244368452
flux2_klein4b_double_scaled__sram2MiB__service,hardware_sensitivity,flux2_klein4b_double_scaled,sram2MiB,service,B_order2,32,13469.191947145124,14807.013251445836,-0.4059267941176954,-0.5264180974926885,-0.2854354907427022
flux2_klein4b_double_scaled__sram8MiB__service,hardware_sensitivity,flux2_klein4b_double_scaled,sram8MiB,service,B_order0,32,13422.340690934532,14767.013251445836,-0.05303209912697548,-0.16494698069763547,0.05888278244368452
flux2_klein4b_double_scaled__sram8MiB__service,hardware_sensitivity,flux2_klein4b_double_scaled,sram8MiB,service,B_order2,32,13469.191947145124,14807.013251445836,-0.4059267941176954,-0.5264180974926885,-0.2854354907427022
flux2_klein4b_single_scaled__two_core__deterministic,main,flux2_klein4b_single_scaled,two_core,deterministic,B_order0,32,10575.5625,10575.5625,0.0,0.0,0.0
flux2_klein4b_single_scaled__two_core__deterministic,main,flux2_klein4b_single_scaled,two_core,deterministic,B_order2,32,10619.5625,10619.5625,-0.416053519611841,-0.416053519611841,-0.416053519611841
flux2_klein4b_single_scaled__two_core__service,main,flux2_klein4b_single_scaled,two_core,service,B_order0,32,10474.509790370359,11431.291761274035,0.0,0.0,0.0
flux2_klein4b_single_scaled__two_core__service,main,flux2_klein4b_single_scaled,two_core,service,B_order2,32,10518.509790370359,11475.291761274035,-0.42127216697830494,-0.42921364154477826,-0.4133306924118316
flux2_klein4b_single_scaled__two_core__calendar,main,flux2_klein4b_single_scaled,two_core,calendar,B_order0,32,13249.82973448484,13366.73220627575,0.0,0.0,0.0
flux2_klein4b_single_scaled__two_core__calendar,main,flux2_klein4b_single_scaled,two_core,calendar,B_order2,32,13281.870833477153,13405.621053979427,-0.24266459709590077,-0.3950859141482092,-0.09024328004359233
flux2_klein4b_single_scaled__two_core__combined,main,flux2_klein4b_single_scaled,two_core,combined,B_order0,32,13163.116903662652,14762.083060255285,-0.1389553964863706,-0.4371136396051637,0.15920284663242254
flux2_klein4b_single_scaled__two_core__combined,main,flux2_klein4b_single_scaled,two_core,combined,B_order2,32,13209.868065988634,14829.379157328509,-0.49324436378809344,-0.748211436171443,-0.23827729140474385
flux2_klein4b_single_scaled__dma16__service,hardware_sensitivity,flux2_klein4b_single_scaled,dma16,service,B_order0,32,14894.524692176758,16820.81778715174,0.0,0.0,0.0
flux2_klein4b_single_scaled__dma16__service,hardware_sensitivity,flux2_klein4b_single_scaled,dma16,service,B_order2,32,14938.524692176758,16864.81778715174,-0.29708945671249104,-0.30497785666148014,-0.28920105676350194
flux2_klein4b_single_scaled__dma64__service,hardware_sensitivity,flux2_klein4b_single_scaled,dma64,service,B_order0,32,8264.50233946716,8736.528748335179,0.0,0.0,0.0
flux2_klein4b_single_scaled__dma64__service,hardware_sensitivity,flux2_klein4b_single_scaled,dma64,service,B_order2,32,8308.50233946716,8780.528748335179,-0.533012428870622,-0.5393878249443866,-0.5266370327968573
flux2_klein4b_single_scaled__sram_one_port__service,hardware_sensitivity,flux2_klein4b_single_scaled,sram_one_port,service,B_order0,32,11339.509790370359,12296.291761274035,0.0,0.0,0.0
flux2_klein4b_single_scaled__sram_one_port__service,hardware_sensitivity,flux2_klein4b_single_scaled,sram_one_port,service,B_order2,32,11385.509790370359,12342.291761274035,-0.40665339303604914,-0.41373174408114854,-0.39957504199094973
flux2_klein4b_single_scaled__one_operand_slot__service,hardware_sensitivity,flux2_klein4b_single_scaled,one_operand_slot,service,B_order0,32,10484.509790370359,11441.291761274031,-0.009566100770827908,-0.009746277337518016,-0.009385924204137799
flux2_klein4b_single_scaled__one_operand_slot__service,hardware_sensitivity,flux2_klein4b_single_scaled,one_operand_slot,service,B_order2,32,10528.509790370359,11485.291761274031,-0.4304745346872559,-0.43858248018831075,-0.422366589186201
flux2_klein4b_single_scaled__four_operand_slots__service,hardware_sensitivity,flux2_klein4b_single_scaled,four_operand_slots,service,B_order0,32,10474.509790370359,11431.291761274033,0.0,0.0,0.0
flux2_klein4b_single_scaled__four_operand_slots__service,hardware_sensitivity,flux2_klein4b_single_scaled,four_operand_slots,service,B_order2,32,10518.509790370359,11475.291761274033,-0.4212721669783044,-0.4292136415447776,-0.4133306924118312
flux2_klein4b_single_scaled__sram2MiB__service,hardware_sensitivity,flux2_klein4b_single_scaled,sram2MiB,service,B_order0,32,10474.509790370359,11431.291761274035,0.0,0.0,0.0
flux2_klein4b_single_scaled__sram2MiB__service,hardware_sensitivity,flux2_klein4b_single_scaled,sram2MiB,service,B_order2,32,10518.509790370359,11475.291761274035,-0.42127216697830494,-0.42921364154477826,-0.4133306924118316
flux2_klein4b_single_scaled__sram8MiB__service,hardware_sensitivity,flux2_klein4b_single_scaled,sram8MiB,service,B_order0,32,10474.509790370359,11431.291761274035,0.0,0.0,0.0
flux2_klein4b_single_scaled__sram8MiB__service,hardware_sensitivity,flux2_klein4b_single_scaled,sram8MiB,service,B_order2,32,10518.509790370359,11475.291761274035,-0.42127216697830494,-0.42921364154477826,-0.4133306924118316
qwen35_full_decode_attention_fused__two_core__deterministic,fusion_conditioning_sensitivity,qwen35_full_decode_attention_fused,two_core,deterministic,B_order0,32,7882.0,7882.0,0.0,0.0,0.0
qwen35_full_decode_attention_fused__two_core__deterministic,fusion_conditioning_sensitivity,qwen35_full_decode_attention_fused,two_core,deterministic,B_order2,32,7912.0,7912.0,-0.3806140573458513,-0.3806140573458513,-0.3806140573458513
qwen35_full_decode_attention_fused__two_core__service,fusion_conditioning_sensitivity,qwen35_full_decode_attention_fused,two_core,service,B_order0,32,8312.46860001927,9673.745089514572,0.00047676655341772175,-0.0004576958912785179,0.0014112289981139613
qwen35_full_decode_attention_fused__two_core__service,fusion_conditioning_sensitivity,qwen35_full_decode_attention_fused,two_core,service,B_order2,32,8343.21860001927,9703.745089514572,-0.3742911641965876,-0.39361974670937705,-0.35496258168379813
qwen35_full_decode_attention_fused__two_core__calendar,fusion_conditioning_sensitivity,qwen35_full_decode_attention_fused,two_core,calendar,B_order0,32,11937.899578869134,11965.000000000004,-0.3952636925691272,-0.5054601234796381,-0.28506726165861623
qwen35_full_decode_attention_fused__two_core__calendar,fusion_conditioning_sensitivity,qwen35_full_decode_attention_fused,two_core,calendar,B_order2,32,11974.421264261107,12030.561641894294,-0.7022353750398297,-0.8223970210360809,-0.5820737290435785
qwen35_full_decode_attention_fused__two_core__combined,fusion_conditioning_sensitivity,qwen35_full_decode_attention_fused,two_core,combined,B_order0,32,12603.44636148617,14858.495089514572,0.0,0.0,0.0
qwen35_full_decode_attention_fused__two_core__combined,fusion_conditioning_sensitivity,qwen35_full_decode_attention_fused,two_core,combined,B_order2,32,12635.41361284186,14880.995089514572,-0.2585040972152258,-0.30085015931228604,-0.21615803511816561
flux2_klein4b_double_scaled_attention_aggregate_cond_resident__two_core__deterministic,fusion_conditioning_sensitivity,flux2_klein4b_double_scaled_attention_aggregate_cond_resident,two_core,deterministic,B_order0,32,9664.0,9664.0,-1.6193480546792849,-1.6193480546792849,-1.6193480546792849
flux2_klein4b_double_scaled_attention_aggregate_cond_resident__two_core__deterministic,fusion_conditioning_sensitivity,flux2_klein4b_double_scaled_attention_aggregate_cond_resident,two_core,deterministic,B_order2,32,9702.0,9702.0,-2.0189274447949526,-2.0189274447949526,-2.0189274447949526
flux2_klein4b_double_scaled_attention_aggregate_cond_resident__two_core__service,fusion_conditioning_sensitivity,flux2_klein4b_double_scaled_attention_aggregate_cond_resident,two_core,service,B_order0,32,9910.451940615427,11131.458315948781,-1.0782001764535134,-1.5967268133613532,-0.5596735395456737
flux2_klein4b_double_scaled_attention_aggregate_cond_resident__two_core__service,fusion_conditioning_sensitivity,flux2_klein4b_double_scaled_attention_aggregate_cond_resident,two_core,service,B_order2,32,9949.720882326917,11169.458315948781,-1.4820464792667267,-1.9961939941238431,-0.9678989644096102
flux2_klein4b_double_scaled_attention_aggregate_cond_resident__two_core__calendar,fusion_conditioning_sensitivity,flux2_klein4b_double_scaled_attention_aggregate_cond_resident,two_core,calendar,B_order0,32,13361.513467009207,13618.0,-1.6639138215212292,-2.3175745879364436,-1.010253055106015
flux2_klein4b_double_scaled_attention_aggregate_cond_resident__two_core__calendar,fusion_conditioning_sensitivity,flux2_klein4b_double_scaled_attention_aggregate_cond_resident,two_core,calendar,B_order2,32,13460.903939615431,13674.0,-2.4206029357977066,-3.044270193487359,-1.796935678108054
flux2_klein4b_double_scaled_attention_aggregate_cond_resident__two_core__combined,fusion_conditioning_sensitivity,flux2_klein4b_double_scaled_attention_aggregate_cond_resident,two_core,combined,B_order0,32,13613.356570922007,16055.261982246471,-1.2408320946061726,-1.7053833697515548,-0.7762808194607904
flux2_klein4b_double_scaled_attention_aggregate_cond_resident__two_core__combined,fusion_conditioning_sensitivity,flux2_klein4b_double_scaled_attention_aggregate_cond_resident,two_core,combined,B_order2,32,13645.88684089664,16066.261982246471,-1.4943056316855794,-1.9768005520639846,-1.0118107113071741
flux2_klein4b_single_scaled_attention_aggregate_cond_resident__two_core__deterministic,fusion_conditioning_sensitivity,flux2_klein4b_single_scaled_attention_aggregate_cond_resident,two_core,deterministic,B_order0,32,8462.0,8462.0,0.0,0.0,0.0
flux2_klein4b_single_scaled_attention_aggregate_cond_resident__two_core__deterministic,fusion_conditioning_sensitivity,flux2_klein4b_single_scaled_attention_aggregate_cond_resident,two_core,deterministic,B_order2,32,8484.0,8484.0,-0.2599858189553297,-0.2599858189553297,-0.2599858189553297
flux2_klein4b_single_scaled_attention_aggregate_cond_resident__two_core__service,fusion_conditioning_sensitivity,flux2_klein4b_single_scaled_attention_aggregate_cond_resident,two_core,service,B_order0,32,8433.90513745728,9347.039529452153,0.0,0.0,0.0
flux2_klein4b_single_scaled_attention_aggregate_cond_resident__two_core__service,fusion_conditioning_sensitivity,flux2_klein4b_single_scaled_attention_aggregate_cond_resident,two_core,service,B_order2,32,8455.90513745728,9369.039529452153,-0.26211241053413237,-0.26849270252907614,-0.2557321185391886
flux2_klein4b_single_scaled_attention_aggregate_cond_resident__two_core__calendar,fusion_conditioning_sensitivity,flux2_klein4b_single_scaled_attention_aggregate_cond_resident,two_core,calendar,B_order0,32,10533.649146337664,10592.25,0.0048187275558702865,-0.011530101468865715,0.021167556580606286
flux2_klein4b_single_scaled_attention_aggregate_cond_resident__two_core__calendar,fusion_conditioning_sensitivity,flux2_klein4b_single_scaled_attention_aggregate_cond_resident,two_core,calendar,B_order2,32,10556.23228556263,10608.25,-0.20963511514346456,-0.2644300157466942,-0.1548402145402349
flux2_klein4b_single_scaled_attention_aggregate_cond_resident__two_core__combined,fusion_conditioning_sensitivity,flux2_klein4b_single_scaled_attention_aggregate_cond_resident,two_core,combined,B_order0,32,10494.257870852882,11903.75735070607,0.0,0.0,0.0
flux2_klein4b_single_scaled_attention_aggregate_cond_resident__two_core__combined,fusion_conditioning_sensitivity,flux2_klein4b_single_scaled_attention_aggregate_cond_resident,two_core,combined,B_order2,32,10513.44917928066,11927.224517666555,-0.1788521140427647,-0.22497849053572533,-0.13272573754980405
qwen35_full_decode__split_engine_ports__service,pipeline_port_sensitivity,qwen35_full_decode,split_engine_ports,service,B_order0,32,9100.628410004661,10274.168790999352,0.1117971280580356,0.08039861322105181,0.1431956428950194
qwen35_full_decode__split_engine_ports__service,pipeline_port_sensitivity,qwen35_full_decode,split_engine_ports,service,B_order2,32,9133.065910004661,10304.168790999352,-0.24701195720105534,-0.2927896641468435,-0.20123425025526723
qwen35_full_decode__split_engine_ports__calendar,pipeline_port_sensitivity,qwen35_full_decode,split_engine_ports,calendar,B_order0,32,11884.638715928815,11932.249999992498,0.0,0.0,0.0
qwen35_full_decode__split_engine_ports__calendar,pipeline_port_sensitivity,qwen35_full_decode,split_engine_ports,calendar,B_order2,32,11914.571627672576,11963.0,-0.2519249497113719,-0.28966965547746015,-0.21418024394528368
qwen35_linear_decode__split_engine_ports__service,pipeline_port_sensitivity,qwen35_linear_decode,split_engine_ports,service,B_order0,32,11423.591453199451,13351.723754841194,-0.27791599698205255,-0.31835421486133997,-0.23747777910276516
qwen35_linear_decode__split_engine_ports__service,pipeline_port_sensitivity,qwen35_linear_decode,split_engine_ports,service,B_order2,32,11458.466453199451,13385.723754841194,-0.5863456681533147,-0.6336176071951181,-0.5390737291115113
qwen35_linear_decode__split_engine_ports__calendar,pipeline_port_sensitivity,qwen35_linear_decode,split_engine_ports,calendar,B_order0,32,15210.052399003118,15263.061641894294,-0.30436375629741197,-0.3360120666542624,-0.2727154459405615
qwen35_linear_decode__split_engine_ports__calendar,pipeline_port_sensitivity,qwen35_linear_decode,split_engine_ports,calendar,B_order2,32,15243.788464791392,15293.061206522672,-0.5269218851666224,-0.5766150270823548,-0.47722874325089004
flux2_klein4b_double_scaled__split_engine_ports__service,pipeline_port_sensitivity,flux2_klein4b_double_scaled,split_engine_ports,service,B_order0,32,15197.776320577268,16473.794370379976,0.5056278208094888,0.15666666046555588,0.8545889811534216
flux2_klein4b_double_scaled__split_engine_ports__service,pipeline_port_sensitivity,flux2_klein4b_double_scaled,split_engine_ports,service,B_order2,32,15244.846959692844,16521.794370379976,0.19679702605034707,-0.15224059608988336,0.5458346481905775
flux2_klein4b_double_scaled__split_engine_ports__calendar,pipeline_port_sensitivity,flux2_klein4b_double_scaled,split_engine_ports,calendar,B_order0,32,19235.42504198971,19334.94460049767,0.0,0.0,0.0
flux2_klein4b_double_scaled__split_engine_ports__calendar,pipeline_port_sensitivity,flux2_klein4b_double_scaled,split_engine_ports,calendar,B_order2,32,19279.913383278887,19363.496049773417,-0.2316740628132178,-0.3208229384831881,-0.1425251871432475
flux2_klein4b_single_scaled__split_engine_ports__service,pipeline_port_sensitivity,flux2_klein4b_single_scaled,split_engine_ports,service,B_order0,32,12471.4158741357,13435.526395582958,-0.7691664341523229,-0.7814388057427879,-0.7568940625618579
flux2_klein4b_single_scaled__split_engine_ports__service,pipeline_port_sensitivity,flux2_klein4b_single_scaled,split_engine_ports,service,B_order2,32,12505.4158741357,13469.526395582958,-1.0444470526910485,-1.0611116414823114,-1.0277824638997857
flux2_klein4b_single_scaled__split_engine_ports__calendar,pipeline_port_sensitivity,flux2_klein4b_single_scaled,split_engine_ports,calendar,B_order0,32,15379.42955588922,15449.25,-0.9588228142730111,-1.0350932489052973,-0.8825523796407249
flux2_klein4b_single_scaled__split_engine_ports__calendar,pipeline_port_sensitivity,flux2_klein4b_single_scaled,split_engine_ports,calendar,B_order2,32,15408.226861160048,15482.154633153341,-1.1475761772928172,-1.18484395830847,-1.1103083962771645
qwen35_full_decode_attention_fused__split_engine_ports__service,pipeline_port_sensitivity,qwen35_full_decode_attention_fused,split_engine_ports,service,B_order0,32,9104.246794360772,10274.168790999352,0.10909164766646375,0.07707904080497771,0.14110425452794978
qwen35_full_decode_attention_fused__split_engine_ports__service,pipeline_port_sensitivity,qwen35_full_decode_attention_fused,split_engine_ports,service,B_order2,32,9135.996794360772,10304.168790999352,-0.24154343412797186,-0.2834733531323529,-0.1996135151235908
qwen35_full_decode_attention_fused__split_engine_ports__calendar,pipeline_port_sensitivity,qwen35_full_decode_attention_fused,split_engine_ports,calendar,B_order0,32,11866.297973317318,11914.771479214527,0.0,0.0,0.0
qwen35_full_decode_attention_fused__split_engine_ports__calendar,pipeline_port_sensitivity,qwen35_full_decode_attention_fused,split_engine_ports,calendar,B_order2,32,11893.29467475345,11943.0,-0.22758982856544732,-0.26948225537386505,-0.1856974017570296
flux2_klein4b_double_scaled_attention_aggregate_cond_resident__split_engine_ports__service,pipeline_port_sensitivity,flux2_klein4b_double_scaled_attention_aggregate_cond_resident,split_engine_ports,service,B_order0,32,11649.207178895856,13089.857741336662,-1.969517414591073,-2.996954092741773,-0.9420807364403729
flux2_klein4b_double_scaled_attention_aggregate_cond_resident__split_engine_ports__service,pipeline_port_sensitivity,flux2_klein4b_double_scaled_attention_aggregate_cond_resident,split_engine_ports,service,B_order2,32,11665.934850130157,13133.857741336662,-2.0888707044670634,-3.0770555805287225,-1.1006858284054042
flux2_klein4b_double_scaled_attention_aggregate_cond_resident__split_engine_ports__calendar,pipeline_port_sensitivity,flux2_klein4b_double_scaled_attention_aggregate_cond_resident,split_engine_ports,calendar,B_order0,32,14085.780857491878,14126.027985812156,-1.2232924221533483,-1.3749460230123651,-1.0716388212943315
flux2_klein4b_double_scaled_attention_aggregate_cond_resident__split_engine_ports__calendar,pipeline_port_sensitivity,flux2_klein4b_double_scaled_attention_aggregate_cond_resident,split_engine_ports,calendar,B_order2,32,14173.72919106524,14219.548238415116,-1.8549043162557812,-1.9710271014313383,-1.7387815310802242
flux2_klein4b_single_scaled_attention_aggregate_cond_resident__split_engine_ports__service,pipeline_port_sensitivity,flux2_klein4b_single_scaled_attention_aggregate_cond_resident,split_engine_ports,service,B_order0,32,11408.31122122262,12325.544872631392,0.0,0.0,0.0
flux2_klein4b_single_scaled_attention_aggregate_cond_resident__split_engine_ports__service,pipeline_port_sensitivity,flux2_klein4b_single_scaled_attention_aggregate_cond_resident,split_engine_ports,service,B_order2,32,11428.31122122262,12345.544872631392,-0.1757753615739557,-0.17894633450062197,-0.17260438864728944
flux2_klein4b_single_scaled_attention_aggregate_cond_resident__split_engine_ports__calendar,pipeline_port_sensitivity,flux2_klein4b_single_scaled_attention_aggregate_cond_resident,split_engine_ports,calendar,B_order0,32,13571.144947195497,13617.000000000004,-0.5968217141948611,-0.7545210141929756,-0.4391224141967466
flux2_klein4b_single_scaled_attention_aggregate_cond_resident__split_engine_ports__calendar,pipeline_port_sensitivity,flux2_klein4b_single_scaled_attention_aggregate_cond_resident,split_engine_ports,calendar,B_order2,32,13594.153095943604,13662.561206522672,-0.7672961886828094,-0.9360237528367042,-0.5985686245289145
