plan_id,status,output_visible_cycles,final_ack_cycles,quiescent_cycles,payload_router_byte_hops,full_protocol_flit_hops,dependency_only_DAG_ticks
p0000,valid,2336.777777777778,2456.777777777778,2472.777777777778,59392,3048,42392
p0001,valid,2430.3333333333335,2550.3333333333335,2566.3333333333335,59392,3048,42392
p0002,valid,2368.777777777778,2488.777777777778,2504.777777777778,59392,3048,43544
p0003,valid,2462.3333333333335,2582.3333333333335,2598.3333333333335,59392,3048,43544
p0004,valid,2400.777777777778,2520.777777777778,2536.777777777778,59392,3048,44696
p0005,valid,2494.3333333333335,2614.3333333333335,2630.3333333333335,59392,3048,44696
p0006,valid,2354.777777777778,2474.777777777778,2490.777777777778,63488,3176,43040
p0007,valid,2447.0,2567.0,2583.0,63488,3176,43040
p0008,valid,2386.777777777778,2506.777777777778,2522.777777777778,63488,3176,44192
p0009,valid,2479.0,2599.0,2615.0,63488,3176,44192
p0010,valid,2418.777777777778,2538.777777777778,2554.777777777778,63488,3176,45344
p0011,valid,2511.0,2631.0,2647.0,63488,3176,45344
p0012,valid,2334.777777777778,2463.777777777778,2479.777777777778,108544,4584,48224
p0013,valid,2479.4444444444443,2608.4444444444443,2624.4444444444443,108544,4584,48224
p0014,valid,2329.777777777778,2458.777777777778,2474.777777777778,108544,4584,49376
p0015,valid,2479.4444444444443,2608.4444444444443,2624.4444444444443,108544,4584,49376
p0016,valid,2329.777777777778,2458.777777777778,2474.777777777778,108544,4584,50528
p0017,valid,2479.4444444444443,2608.4444444444443,2624.4444444444443,108544,4584,50528
p0018,valid,2334.777777777778,2445.777777777778,2461.777777777778,112640,4712,48872
p0019,valid,2480.777777777778,2591.777777777778,2607.777777777778,112640,4712,48872
p0020,valid,2331.1111111111113,2442.1111111111113,2458.1111111111113,112640,4712,50024
p0021,valid,2480.777777777778,2591.777777777778,2607.777777777778,112640,4712,50024
p0022,valid,2331.1111111111113,2442.1111111111113,2458.1111111111113,112640,4712,51176
p0023,valid,2480.777777777778,2591.777777777778,2607.777777777778,112640,4712,51176
p0024,valid,2253.777777777778,2373.777777777778,2389.777777777778,108544,4584,42392
p0025,valid,2417.777777777778,2537.777777777778,2553.777777777778,108544,4584,42392
p0026,valid,2285.777777777778,2405.777777777778,2421.777777777778,108544,4584,43544
p0027,valid,2449.777777777778,2569.777777777778,2585.777777777778,108544,4584,43544
p0028,valid,2317.777777777778,2437.777777777778,2453.777777777778,108544,4584,44696
p0029,valid,2481.777777777778,2601.777777777778,2617.777777777778,108544,4584,44696
p0030,valid,2271.777777777778,2391.777777777778,2407.777777777778,112640,4712,43040
p0031,valid,2434.4444444444443,2554.4444444444443,2570.4444444444443,112640,4712,43040
p0032,valid,2303.777777777778,2423.777777777778,2439.777777777778,112640,4712,44192
p0033,valid,2466.4444444444443,2586.4444444444443,2602.4444444444443,112640,4712,44192
p0034,valid,2335.777777777778,2455.777777777778,2471.777777777778,112640,4712,45344
p0035,valid,2498.4444444444443,2618.4444444444443,2634.4444444444443,112640,4712,45344
p0036,valid,2418.3333333333335,2547.3333333333335,2563.3333333333335,157696,6120,48224
p0037,valid,2577.0,2706.0,2722.0,157696,6120,48224
p0038,valid,2450.3333333333335,2579.3333333333335,2595.3333333333335,157696,6120,49376
p0039,valid,2609.0,2738.0,2754.0,157696,6120,49376
p0040,valid,2482.3333333333335,2611.3333333333335,2627.3333333333335,157696,6120,50528
p0041,valid,2641.0,2770.0,2786.0,157696,6120,50528
p0042,valid,2419.6666666666665,2530.6666666666665,2546.6666666666665,161792,6248,48872
p0043,valid,2577.0,2688.0,2704.0,161792,6248,48872
p0044,valid,2451.6666666666665,2562.6666666666665,2578.6666666666665,161792,6248,50024
p0045,valid,2609.0,2720.0,2736.0,161792,6248,50024
p0046,valid,2483.6666666666665,2594.6666666666665,2610.6666666666665,161792,6248,51176
p0047,valid,2641.0,2752.0,2768.0,161792,6248,51176
p0048,valid,2336.777777777778,2456.777777777778,2472.777777777778,59392,3048,42392
p0049,valid,2430.3333333333335,2550.3333333333335,2566.3333333333335,59392,3048,42392
p0050,valid,2368.777777777778,2488.777777777778,2504.777777777778,59392,3048,43544
p0051,valid,2462.3333333333335,2582.3333333333335,2598.3333333333335,59392,3048,43544
p0052,valid,2400.777777777778,2520.777777777778,2536.777777777778,59392,3048,44696
p0053,valid,2494.3333333333335,2614.3333333333335,2630.3333333333335,59392,3048,44696
p0054,valid,2354.777777777778,2474.777777777778,2490.777777777778,63488,3176,43040
p0055,valid,2447.0,2567.0,2583.0,63488,3176,43040
p0056,valid,2386.777777777778,2506.777777777778,2522.777777777778,63488,3176,44192
p0057,valid,2479.0,2599.0,2615.0,63488,3176,44192
p0058,valid,2418.777777777778,2538.777777777778,2554.777777777778,63488,3176,45344
p0059,valid,2511.0,2631.0,2647.0,63488,3176,45344
p0060,valid,2334.777777777778,2463.777777777778,2479.777777777778,108544,4584,48224
p0061,valid,2479.4444444444443,2608.4444444444443,2624.4444444444443,108544,4584,48224
p0062,valid,2329.777777777778,2458.777777777778,2474.777777777778,108544,4584,49376
p0063,valid,2479.4444444444443,2608.4444444444443,2624.4444444444443,108544,4584,49376
p0064,valid,2329.777777777778,2458.777777777778,2474.777777777778,108544,4584,50528
p0065,valid,2479.4444444444443,2608.4444444444443,2624.4444444444443,108544,4584,50528
p0066,valid,2334.777777777778,2445.777777777778,2461.777777777778,112640,4712,48872
p0067,valid,2480.777777777778,2591.777777777778,2607.777777777778,112640,4712,48872
p0068,valid,2331.1111111111113,2442.1111111111113,2458.1111111111113,112640,4712,50024
p0069,valid,2480.777777777778,2591.777777777778,2607.777777777778,112640,4712,50024
p0070,valid,2331.1111111111113,2442.1111111111113,2458.1111111111113,112640,4712,51176
p0071,valid,2480.777777777778,2591.777777777778,2607.777777777778,112640,4712,51176
p0072,valid,2253.777777777778,2373.777777777778,2389.777777777778,108544,4584,42392
p0073,valid,2417.777777777778,2537.777777777778,2553.777777777778,108544,4584,42392
p0074,valid,2285.777777777778,2405.777777777778,2421.777777777778,108544,4584,43544
p0075,valid,2449.777777777778,2569.777777777778,2585.777777777778,108544,4584,43544
p0076,valid,2317.777777777778,2437.777777777778,2453.777777777778,108544,4584,44696
p0077,valid,2481.777777777778,2601.777777777778,2617.777777777778,108544,4584,44696
p0078,valid,2271.777777777778,2391.777777777778,2407.777777777778,112640,4712,43040
p0079,valid,2434.4444444444443,2554.4444444444443,2570.4444444444443,112640,4712,43040
p0080,valid,2303.777777777778,2423.777777777778,2439.777777777778,112640,4712,44192
p0081,valid,2466.4444444444443,2586.4444444444443,2602.4444444444443,112640,4712,44192
p0082,valid,2335.777777777778,2455.777777777778,2471.777777777778,112640,4712,45344
p0083,valid,2498.4444444444443,2618.4444444444443,2634.4444444444443,112640,4712,45344
p0084,valid,2418.3333333333335,2547.3333333333335,2563.3333333333335,157696,6120,48224
p0085,valid,2577.0,2706.0,2722.0,157696,6120,48224
p0086,valid,2450.3333333333335,2579.3333333333335,2595.3333333333335,157696,6120,49376
p0087,valid,2609.0,2738.0,2754.0,157696,6120,49376
p0088,valid,2482.3333333333335,2611.3333333333335,2627.3333333333335,157696,6120,50528
p0089,valid,2641.0,2770.0,2786.0,157696,6120,50528
p0090,valid,2419.6666666666665,2530.6666666666665,2546.6666666666665,161792,6248,48872
p0091,valid,2577.0,2688.0,2704.0,161792,6248,48872
p0092,valid,2451.6666666666665,2562.6666666666665,2578.6666666666665,161792,6248,50024
p0093,valid,2609.0,2720.0,2736.0,161792,6248,50024
p0094,valid,2483.6666666666665,2594.6666666666665,2610.6666666666665,161792,6248,51176
p0095,valid,2641.0,2752.0,2768.0,161792,6248,51176
p0096,valid,2555.8888888888887,2675.8888888888887,2691.8888888888887,75776,3584,46280
p0097,valid,2644.1111111111113,2764.1111111111113,2780.1111111111113,75776,3584,48420
p0098,valid,2513.4444444444443,2642.4444444444443,2658.4444444444443,75776,3584,47432
p0099,valid,2696.5555555555557,2825.5555555555557,2841.5555555555557,75776,3584,49572
p0100,valid,2513.4444444444443,2642.4444444444443,2658.4444444444443,75776,3584,48584
p0101,valid,2696.5555555555557,2825.5555555555557,2841.5555555555557,75776,3584,50724
p0102,valid,2572.5555555555557,2692.5555555555557,2708.5555555555557,79872,3712,46928
p0103,valid,2662.1111111111113,2782.1111111111113,2798.1111111111113,79872,3712,49068
p0104,valid,2530.1111111111113,2641.1111111111113,2657.1111111111113,79872,3712,48080
p0105,valid,2666.1111111111113,2777.1111111111113,2793.1111111111113,79872,3712,50220
p0106,valid,2530.1111111111113,2641.1111111111113,2657.1111111111113,79872,3712,49232
p0107,valid,2666.1111111111113,2777.1111111111113,2793.1111111111113,79872,3712,51372
p0108,valid,2348.777777777778,2477.777777777778,2493.777777777778,124928,5120,52112
p0109,valid,2605.4444444444443,2734.4444444444443,2750.4444444444443,124928,5120,54252
p0110,valid,2380.777777777778,2509.777777777778,2525.777777777778,124928,5120,53264
p0111,valid,2637.4444444444443,2766.4444444444443,2782.4444444444443,124928,5120,55404
p0112,valid,2412.777777777778,2541.777777777778,2557.777777777778,124928,5120,54416
p0113,valid,2669.4444444444443,2798.4444444444443,2814.4444444444443,124928,5120,56556
p0114,valid,2366.777777777778,2477.777777777778,2493.777777777778,129024,5248,52760
p0115,valid,2624.777777777778,2735.777777777778,2751.777777777778,129024,5248,54900
p0116,valid,2398.777777777778,2509.777777777778,2525.777777777778,129024,5248,53912
p0117,valid,2656.777777777778,2767.777777777778,2783.777777777778,129024,5248,56052
p0118,valid,2430.777777777778,2541.777777777778,2557.777777777778,129024,5248,55064
p0119,valid,2688.777777777778,2799.777777777778,2815.777777777778,129024,5248,57204
p0120,valid,2380.1111111111113,2509.1111111111113,2525.1111111111113,116736,4864,46280
p0121,valid,2637.777777777778,2766.777777777778,2782.777777777778,116736,4864,48420
p0122,valid,2380.1111111111113,2509.1111111111113,2525.1111111111113,116736,4864,47432
p0123,valid,2637.777777777778,2766.777777777778,2782.777777777778,116736,4864,49572
p0124,valid,2380.1111111111113,2509.1111111111113,2525.1111111111113,116736,4864,48584
p0125,valid,2637.777777777778,2766.777777777778,2782.777777777778,116736,4864,50724
p0126,valid,2396.777777777778,2507.777777777778,2523.777777777778,120832,4992,46928
p0127,valid,2732.5555555555557,2843.5555555555557,2859.5555555555557,120832,4992,49068
p0128,valid,2396.777777777778,2507.777777777778,2523.777777777778,120832,4992,48080
p0129,valid,2732.5555555555557,2843.5555555555557,2859.5555555555557,120832,4992,50220
p0130,valid,2396.777777777778,2507.777777777778,2523.777777777778,120832,4992,49232
p0131,valid,2732.5555555555557,2843.5555555555557,2859.5555555555557,120832,4992,51372
p0132,valid,2507.777777777778,2636.777777777778,2652.777777777778,165888,6400,52112
p0133,valid,2778.1111111111113,2907.1111111111113,2923.1111111111113,165888,6400,54252
p0134,valid,2507.777777777778,2636.777777777778,2652.777777777778,165888,6400,53264
p0135,valid,2778.1111111111113,2907.1111111111113,2923.1111111111113,165888,6400,55404
p0136,valid,2508.0,2637.0,2653.0,165888,6400,54416
p0137,valid,2778.1111111111113,2907.1111111111113,2923.1111111111113,165888,6400,56556
p0138,valid,2525.777777777778,2636.777777777778,2652.777777777778,169984,6528,52760
p0139,valid,2949.4444444444443,3060.4444444444443,3076.4444444444443,169984,6528,54900
p0140,valid,2525.777777777778,2636.777777777778,2652.777777777778,169984,6528,53912
p0141,valid,2949.4444444444443,3060.4444444444443,3076.4444444444443,169984,6528,56052
p0142,valid,2526.0,2637.0,2653.0,169984,6528,55064
p0143,valid,2949.4444444444443,3060.4444444444443,3076.4444444444443,169984,6528,57204
p0144,valid,2292.0,2421.0,2437.0,59392,3048,46604
p0145,valid,2568.777777777778,2697.777777777778,2713.777777777778,59392,3048,48744
p0146,valid,2324.0,2453.0,2469.0,59392,3048,46604
p0147,valid,2600.777777777778,2729.777777777778,2745.777777777778,59392,3048,48744
p0148,valid,2356.0,2485.0,2501.0,59392,3048,46604
p0149,valid,2632.777777777778,2761.777777777778,2777.777777777778,59392,3048,48744
p0150,valid,2308.6666666666665,2419.6666666666665,2435.6666666666665,63488,3176,47252
p0151,valid,2548.222222222222,2659.222222222222,2675.222222222222,63488,3176,49392
p0152,valid,2340.6666666666665,2451.6666666666665,2467.6666666666665,63488,3176,47252
p0153,valid,2580.222222222222,2691.222222222222,2707.222222222222,63488,3176,49392
p0154,valid,2372.6666666666665,2483.6666666666665,2499.6666666666665,63488,3176,47252
p0155,valid,2612.222222222222,2723.222222222222,2739.222222222222,63488,3176,49392
p0156,valid,2339.777777777778,2468.777777777778,2484.777777777778,108544,4584,51788
p0157,valid,2596.4444444444443,2725.4444444444443,2741.4444444444443,108544,4584,53928
p0158,valid,2340.1111111111113,2469.1111111111113,2485.1111111111113,108544,4584,51788
p0159,valid,2596.777777777778,2725.777777777778,2741.777777777778,108544,4584,53928
p0160,valid,2338.777777777778,2467.777777777778,2483.777777777778,108544,4584,51788
p0161,valid,2597.777777777778,2726.777777777778,2742.777777777778,108544,4584,53928
p0162,valid,2357.777777777778,2468.777777777778,2484.777777777778,112640,4712,52436
p0163,valid,2615.777777777778,2726.777777777778,2742.777777777778,112640,4712,54576
p0164,valid,2358.1111111111113,2469.1111111111113,2485.1111111111113,112640,4712,52436
p0165,valid,2616.1111111111113,2727.1111111111113,2743.1111111111113,112640,4712,54576
p0166,valid,2356.777777777778,2467.777777777778,2483.777777777778,112640,4712,52436
p0167,valid,2617.1111111111113,2728.1111111111113,2744.1111111111113,112640,4712,54576
p0168,valid,2280.777777777778,2409.777777777778,2425.777777777778,108544,4584,46604
p0169,valid,2538.777777777778,2667.777777777778,2683.777777777778,108544,4584,48744
p0170,valid,2312.777777777778,2441.777777777778,2457.777777777778,108544,4584,46604
p0171,valid,2570.777777777778,2699.777777777778,2715.777777777778,108544,4584,48744
p0172,valid,2344.777777777778,2473.777777777778,2489.777777777778,108544,4584,46604
p0173,valid,2602.777777777778,2731.777777777778,2747.777777777778,108544,4584,48744
p0174,valid,2298.777777777778,2409.777777777778,2425.777777777778,112640,4712,47252
p0175,valid,2555.4444444444443,2666.4444444444443,2682.4444444444443,112640,4712,49392
p0176,valid,2330.777777777778,2441.777777777778,2457.777777777778,112640,4712,47252
p0177,valid,2587.4444444444443,2698.4444444444443,2714.4444444444443,112640,4712,49392
p0178,valid,2362.777777777778,2473.777777777778,2489.777777777778,112640,4712,47252
p0179,valid,2619.4444444444443,2730.4444444444443,2746.4444444444443,112640,4712,49392
p0180,valid,2425.5555555555557,2554.5555555555557,2570.5555555555557,157696,6120,51788
p0181,valid,2692.4444444444443,2821.4444444444443,2837.4444444444443,157696,6120,53928
p0182,valid,2457.5555555555557,2586.5555555555557,2602.5555555555557,157696,6120,51788
p0183,valid,2724.4444444444443,2853.4444444444443,2869.4444444444443,157696,6120,53928
p0184,valid,2489.5555555555557,2618.5555555555557,2634.5555555555557,157696,6120,51788
p0185,valid,2756.4444444444443,2885.4444444444443,2901.4444444444443,157696,6120,53928
p0186,valid,2443.5555555555557,2554.5555555555557,2570.5555555555557,161792,6248,52436
p0187,valid,2710.4444444444443,2821.4444444444443,2837.4444444444443,161792,6248,54576
p0188,valid,2475.5555555555557,2586.5555555555557,2602.5555555555557,161792,6248,52436
p0189,valid,2742.4444444444443,2853.4444444444443,2869.4444444444443,161792,6248,54576
p0190,valid,2507.5555555555557,2618.5555555555557,2634.5555555555557,161792,6248,52436
p0191,valid,2774.4444444444443,2885.4444444444443,2901.4444444444443,161792,6248,54576
p0192,valid,2292.0,2421.0,2437.0,59392,3048,46604
p0193,valid,2568.777777777778,2697.777777777778,2713.777777777778,59392,3048,48744
p0194,valid,2324.0,2453.0,2469.0,59392,3048,46604
p0195,valid,2600.777777777778,2729.777777777778,2745.777777777778,59392,3048,48744
p0196,valid,2356.0,2485.0,2501.0,59392,3048,46604
p0197,valid,2632.777777777778,2761.777777777778,2777.777777777778,59392,3048,48744
p0198,valid,2308.6666666666665,2419.6666666666665,2435.6666666666665,63488,3176,47252
p0199,valid,2548.222222222222,2659.222222222222,2675.222222222222,63488,3176,49392
p0200,valid,2340.6666666666665,2451.6666666666665,2467.6666666666665,63488,3176,47252
p0201,valid,2580.222222222222,2691.222222222222,2707.222222222222,63488,3176,49392
p0202,valid,2372.6666666666665,2483.6666666666665,2499.6666666666665,63488,3176,47252
p0203,valid,2612.222222222222,2723.222222222222,2739.222222222222,63488,3176,49392
p0204,valid,2339.777777777778,2468.777777777778,2484.777777777778,108544,4584,51788
p0205,valid,2596.4444444444443,2725.4444444444443,2741.4444444444443,108544,4584,53928
p0206,valid,2340.1111111111113,2469.1111111111113,2485.1111111111113,108544,4584,51788
p0207,valid,2596.777777777778,2725.777777777778,2741.777777777778,108544,4584,53928
p0208,valid,2338.777777777778,2467.777777777778,2483.777777777778,108544,4584,51788
p0209,valid,2597.777777777778,2726.777777777778,2742.777777777778,108544,4584,53928
p0210,valid,2357.777777777778,2468.777777777778,2484.777777777778,112640,4712,52436
p0211,valid,2615.777777777778,2726.777777777778,2742.777777777778,112640,4712,54576
p0212,valid,2358.1111111111113,2469.1111111111113,2485.1111111111113,112640,4712,52436
p0213,valid,2616.1111111111113,2727.1111111111113,2743.1111111111113,112640,4712,54576
p0214,valid,2356.777777777778,2467.777777777778,2483.777777777778,112640,4712,52436
p0215,valid,2617.1111111111113,2728.1111111111113,2744.1111111111113,112640,4712,54576
p0216,valid,2280.777777777778,2409.777777777778,2425.777777777778,108544,4584,46604
p0217,valid,2538.777777777778,2667.777777777778,2683.777777777778,108544,4584,48744
p0218,valid,2312.777777777778,2441.777777777778,2457.777777777778,108544,4584,46604
p0219,valid,2570.777777777778,2699.777777777778,2715.777777777778,108544,4584,48744
p0220,valid,2344.777777777778,2473.777777777778,2489.777777777778,108544,4584,46604
p0221,valid,2602.777777777778,2731.777777777778,2747.777777777778,108544,4584,48744
p0222,valid,2298.777777777778,2409.777777777778,2425.777777777778,112640,4712,47252
p0223,valid,2555.4444444444443,2666.4444444444443,2682.4444444444443,112640,4712,49392
p0224,valid,2330.777777777778,2441.777777777778,2457.777777777778,112640,4712,47252
p0225,valid,2587.4444444444443,2698.4444444444443,2714.4444444444443,112640,4712,49392
p0226,valid,2362.777777777778,2473.777777777778,2489.777777777778,112640,4712,47252
p0227,valid,2619.4444444444443,2730.4444444444443,2746.4444444444443,112640,4712,49392
p0228,valid,2425.5555555555557,2554.5555555555557,2570.5555555555557,157696,6120,51788
p0229,valid,2692.4444444444443,2821.4444444444443,2837.4444444444443,157696,6120,53928
p0230,valid,2457.5555555555557,2586.5555555555557,2602.5555555555557,157696,6120,51788
p0231,valid,2724.4444444444443,2853.4444444444443,2869.4444444444443,157696,6120,53928
p0232,valid,2489.5555555555557,2618.5555555555557,2634.5555555555557,157696,6120,51788
p0233,valid,2756.4444444444443,2885.4444444444443,2901.4444444444443,157696,6120,53928
p0234,valid,2443.5555555555557,2554.5555555555557,2570.5555555555557,161792,6248,52436
p0235,valid,2710.4444444444443,2821.4444444444443,2837.4444444444443,161792,6248,54576
p0236,valid,2475.5555555555557,2586.5555555555557,2602.5555555555557,161792,6248,52436
p0237,valid,2742.4444444444443,2853.4444444444443,2869.4444444444443,161792,6248,54576
p0238,valid,2507.5555555555557,2618.5555555555557,2634.5555555555557,161792,6248,52436
p0239,valid,2774.4444444444443,2885.4444444444443,2901.4444444444443,161792,6248,54576
p0240,valid,2505.777777777778,2634.777777777778,2650.777777777778,75776,3584,46604
p0241,valid,2676.777777777778,2805.777777777778,2821.777777777778,75776,3584,48744
p0242,valid,2566.6666666666665,2686.6666666666665,2702.6666666666665,75776,3584,46604
p0243,valid,2652.222222222222,2772.222222222222,2788.222222222222,75776,3584,48744
p0244,valid,2566.6666666666665,2686.6666666666665,2702.6666666666665,75776,3584,46604
p0245,valid,2652.222222222222,2772.222222222222,2788.222222222222,75776,3584,48744
p0246,valid,2521.1111111111113,2632.1111111111113,2648.1111111111113,79872,3712,47252
p0247,valid,2656.222222222222,2767.222222222222,2783.222222222222,79872,3712,49392
p0248,valid,2583.3333333333335,2703.3333333333335,2719.3333333333335,79872,3712,47252
p0249,valid,2670.222222222222,2790.222222222222,2806.222222222222,79872,3712,49392
p0250,valid,2583.3333333333335,2703.3333333333335,2719.3333333333335,79872,3712,47252
p0251,valid,2670.222222222222,2790.222222222222,2806.222222222222,79872,3712,49392
p0252,valid,2339.777777777778,2468.777777777778,2484.777777777778,124928,5120,51788
p0253,valid,2596.4444444444443,2725.4444444444443,2741.4444444444443,124928,5120,53928
p0254,valid,2370.777777777778,2499.777777777778,2515.777777777778,124928,5120,51788
p0255,valid,2596.777777777778,2725.777777777778,2741.777777777778,124928,5120,53928
p0256,valid,2402.777777777778,2531.777777777778,2547.777777777778,124928,5120,51788
p0257,valid,2597.777777777778,2726.777777777778,2742.777777777778,124928,5120,53928
p0258,valid,2357.777777777778,2468.777777777778,2484.777777777778,129024,5248,52436
p0259,valid,2615.777777777778,2726.777777777778,2742.777777777778,129024,5248,54576
p0260,valid,2372.1111111111113,2483.1111111111113,2499.1111111111113,129024,5248,52436
p0261,valid,2616.1111111111113,2727.1111111111113,2743.1111111111113,129024,5248,54576
p0262,valid,2404.1111111111113,2515.1111111111113,2531.1111111111113,129024,5248,52436
p0263,valid,2617.1111111111113,2728.1111111111113,2744.1111111111113,129024,5248,54576
p0264,valid,2384.777777777778,2504.777777777778,2520.777777777778,116736,4864,46604
p0265,valid,2642.777777777778,2762.777777777778,2778.777777777778,116736,4864,48744
p0266,valid,2384.777777777778,2504.777777777778,2520.777777777778,116736,4864,46604
p0267,valid,2642.777777777778,2762.777777777778,2778.777777777778,116736,4864,48744
p0268,valid,2384.777777777778,2504.777777777778,2520.777777777778,116736,4864,46604
p0269,valid,2642.777777777778,2762.777777777778,2778.777777777778,116736,4864,48744
p0270,valid,2402.777777777778,2522.777777777778,2538.777777777778,120832,4992,47252
p0271,valid,2659.4444444444443,2779.4444444444443,2795.4444444444443,120832,4992,49392
p0272,valid,2402.777777777778,2522.777777777778,2538.777777777778,120832,4992,47252
p0273,valid,2659.4444444444443,2779.4444444444443,2795.4444444444443,120832,4992,49392
p0274,valid,2402.777777777778,2522.777777777778,2538.777777777778,120832,4992,47252
p0275,valid,2659.4444444444443,2779.4444444444443,2795.4444444444443,120832,4992,49392
p0276,valid,2500.5555555555557,2629.5555555555557,2645.5555555555557,165888,6400,51788
p0277,valid,2773.5555555555557,2902.5555555555557,2918.5555555555557,165888,6400,53928
p0278,valid,2500.5555555555557,2629.5555555555557,2645.5555555555557,165888,6400,51788
p0279,valid,2773.5555555555557,2902.5555555555557,2918.5555555555557,165888,6400,53928
p0280,valid,2500.777777777778,2629.777777777778,2645.777777777778,165888,6400,51788
p0281,valid,2772.6666666666665,2901.6666666666665,2917.6666666666665,165888,6400,53928
p0282,valid,2501.8888888888887,2612.8888888888887,2628.8888888888887,169984,6528,52436
p0283,valid,2773.5555555555557,2884.5555555555557,2900.5555555555557,169984,6528,54576
p0284,valid,2501.8888888888887,2612.8888888888887,2628.8888888888887,169984,6528,52436
p0285,valid,2773.5555555555557,2884.5555555555557,2900.5555555555557,169984,6528,54576
p0286,valid,2502.1111111111113,2613.1111111111113,2629.1111111111113,169984,6528,52436
p0287,valid,2772.6666666666665,2883.6666666666665,2899.6666666666665,169984,6528,54576
p0288,valid,2526.4444444444443,2637.4444444444443,2653.4444444444443,124928,5120,52760
p0289,valid,2635.777777777778,2746.777777777778,2762.777777777778,124928,5120,54900
p0290,valid,2558.777777777778,2669.777777777778,2685.777777777778,124928,5120,53912
p0291,valid,2668.222222222222,2779.222222222222,2795.222222222222,124928,5120,56052
p0292,valid,2725.8888888888887,2836.8888888888887,2852.8888888888887,124928,5120,55064
p0293,valid,2699.1111111111113,2810.1111111111113,2826.1111111111113,124928,5120,57204
p0294,valid,2508.4444444444443,2637.4444444444443,2653.4444444444443,112640,4736,52112
p0295,valid,2617.1111111111113,2746.1111111111113,2762.1111111111113,112640,4736,54252
p0296,valid,2540.777777777778,2669.777777777778,2685.777777777778,112640,4736,53264
p0297,valid,2650.222222222222,2779.222222222222,2795.222222222222,112640,4736,55404
p0298,valid,2707.8888888888887,2836.8888888888887,2852.8888888888887,112640,4736,54416
p0299,valid,2681.1111111111113,2810.1111111111113,2826.1111111111113,112640,4736,56556
p0300,valid,2358.4444444444443,2469.4444444444443,2485.4444444444443,75776,3584,46928
p0301,valid,2739.777777777778,2850.777777777778,2866.777777777778,75776,3584,49068
p0302,valid,2358.4444444444443,2469.4444444444443,2485.4444444444443,75776,3584,48080
p0303,valid,2739.777777777778,2850.777777777778,2866.777777777778,75776,3584,50220
p0304,valid,2358.4444444444443,2469.4444444444443,2485.4444444444443,75776,3584,49232
p0305,valid,2739.777777777778,2850.777777777778,2866.777777777778,75776,3584,51372
p0306,valid,2340.4444444444443,2469.4444444444443,2485.4444444444443,63488,3200,46280
p0307,valid,2599.4444444444443,2728.4444444444443,2744.4444444444443,63488,3200,48420
p0308,valid,2340.4444444444443,2469.4444444444443,2485.4444444444443,63488,3200,47432
p0309,valid,2599.4444444444443,2728.4444444444443,2744.4444444444443,63488,3200,49572
p0310,valid,2340.4444444444443,2469.4444444444443,2485.4444444444443,63488,3200,48584
p0311,valid,2599.4444444444443,2728.4444444444443,2744.4444444444443,63488,3200,50724
p0312,valid,2525.0,2636.0,2652.0,182272,6912,52760
p0313,valid,2783.0,2894.0,2910.0,182272,6912,54900
p0314,valid,2525.0,2636.0,2652.0,182272,6912,53912
p0315,valid,2783.0,2894.0,2910.0,182272,6912,56052
p0316,valid,2525.0,2636.0,2652.0,182272,6912,55064
p0317,valid,2783.0,2894.0,2910.0,182272,6912,57204
p0318,valid,2507.0,2636.0,2652.0,169984,6528,52112
p0319,valid,2763.6666666666665,2892.6666666666665,2908.6666666666665,169984,6528,54252
p0320,valid,2507.0,2636.0,2652.0,169984,6528,53264
p0321,valid,2763.6666666666665,2892.6666666666665,2908.6666666666665,169984,6528,55404
p0322,valid,2507.0,2636.0,2652.0,169984,6528,54416
p0323,valid,2763.6666666666665,2892.6666666666665,2908.6666666666665,169984,6528,56556
p0324,valid,2536.6666666666665,2647.6666666666665,2663.6666666666665,133120,5376,46928
p0325,valid,2631.3333333333335,2742.3333333333335,2758.3333333333335,133120,5376,49068
p0326,valid,2536.6666666666665,2647.6666666666665,2663.6666666666665,133120,5376,48080
p0327,valid,2631.3333333333335,2742.3333333333335,2758.3333333333335,133120,5376,50220
p0328,valid,2536.6666666666665,2647.6666666666665,2663.6666666666665,133120,5376,49232
p0329,valid,2631.3333333333335,2742.3333333333335,2758.3333333333335,133120,5376,51372
p0330,valid,2518.6666666666665,2647.6666666666665,2663.6666666666665,120832,4992,46280
p0331,valid,2613.3333333333335,2742.3333333333335,2758.3333333333335,120832,4992,48420
p0332,valid,2518.6666666666665,2647.6666666666665,2663.6666666666665,120832,4992,47432
p0333,valid,2613.3333333333335,2742.3333333333335,2758.3333333333335,120832,4992,49572
p0334,valid,2518.6666666666665,2647.6666666666665,2663.6666666666665,120832,4992,48584
p0335,valid,2613.3333333333335,2742.3333333333335,2758.3333333333335,120832,4992,50724
p0336,valid,2526.1111111111113,2637.1111111111113,2653.1111111111113,124928,5120,52760
p0337,valid,2635.777777777778,2746.777777777778,2762.777777777778,124928,5120,54900
p0338,valid,2558.777777777778,2669.777777777778,2685.777777777778,124928,5120,53912
p0339,valid,2667.1111111111113,2778.1111111111113,2794.1111111111113,124928,5120,56052
p0340,valid,2725.8888888888887,2836.8888888888887,2852.8888888888887,124928,5120,55064
p0341,valid,2699.1111111111113,2810.1111111111113,2826.1111111111113,124928,5120,57204
p0342,valid,2508.1111111111113,2637.1111111111113,2653.1111111111113,112640,4736,52112
p0343,valid,2617.1111111111113,2746.1111111111113,2762.1111111111113,112640,4736,54252
p0344,valid,2540.777777777778,2669.777777777778,2685.777777777778,112640,4736,53264
p0345,valid,2649.1111111111113,2778.1111111111113,2794.1111111111113,112640,4736,55404
p0346,valid,2707.8888888888887,2836.8888888888887,2852.8888888888887,112640,4736,54416
p0347,valid,2681.1111111111113,2810.1111111111113,2826.1111111111113,112640,4736,56556
p0348,valid,2358.4444444444443,2469.4444444444443,2485.4444444444443,75776,3584,46928
p0349,valid,2739.777777777778,2850.777777777778,2866.777777777778,75776,3584,49068
p0350,valid,2358.4444444444443,2469.4444444444443,2485.4444444444443,75776,3584,48080
p0351,valid,2739.777777777778,2850.777777777778,2866.777777777778,75776,3584,50220
p0352,valid,2358.4444444444443,2469.4444444444443,2485.4444444444443,75776,3584,49232
p0353,valid,2739.777777777778,2850.777777777778,2866.777777777778,75776,3584,51372
p0354,valid,2340.4444444444443,2469.4444444444443,2485.4444444444443,63488,3200,46280
p0355,valid,2599.4444444444443,2728.4444444444443,2744.4444444444443,63488,3200,48420
p0356,valid,2340.4444444444443,2469.4444444444443,2485.4444444444443,63488,3200,47432
p0357,valid,2599.4444444444443,2728.4444444444443,2744.4444444444443,63488,3200,49572
p0358,valid,2340.4444444444443,2469.4444444444443,2485.4444444444443,63488,3200,48584
p0359,valid,2599.4444444444443,2728.4444444444443,2744.4444444444443,63488,3200,50724
p0360,valid,2525.0,2636.0,2652.0,182272,6912,52760
p0361,valid,2783.0,2894.0,2910.0,182272,6912,54900
p0362,valid,2525.0,2636.0,2652.0,182272,6912,53912
p0363,valid,2783.0,2894.0,2910.0,182272,6912,56052
p0364,valid,2525.0,2636.0,2652.0,182272,6912,55064
p0365,valid,2783.0,2894.0,2910.0,182272,6912,57204
p0366,valid,2507.0,2636.0,2652.0,169984,6528,52112
p0367,valid,2763.6666666666665,2892.6666666666665,2908.6666666666665,169984,6528,54252
p0368,valid,2507.0,2636.0,2652.0,169984,6528,53264
p0369,valid,2763.6666666666665,2892.6666666666665,2908.6666666666665,169984,6528,55404
p0370,valid,2507.0,2636.0,2652.0,169984,6528,54416
p0371,valid,2763.6666666666665,2892.6666666666665,2908.6666666666665,169984,6528,56556
p0372,valid,2536.6666666666665,2647.6666666666665,2663.6666666666665,133120,5376,46928
p0373,valid,2631.3333333333335,2742.3333333333335,2758.3333333333335,133120,5376,49068
p0374,valid,2536.6666666666665,2647.6666666666665,2663.6666666666665,133120,5376,48080
p0375,valid,2631.3333333333335,2742.3333333333335,2758.3333333333335,133120,5376,50220
p0376,valid,2536.6666666666665,2647.6666666666665,2663.6666666666665,133120,5376,49232
p0377,valid,2631.3333333333335,2742.3333333333335,2758.3333333333335,133120,5376,51372
p0378,valid,2518.6666666666665,2647.6666666666665,2663.6666666666665,120832,4992,46280
p0379,valid,2613.3333333333335,2742.3333333333335,2758.3333333333335,120832,4992,48420
p0380,valid,2518.6666666666665,2647.6666666666665,2663.6666666666665,120832,4992,47432
p0381,valid,2613.3333333333335,2742.3333333333335,2758.3333333333335,120832,4992,49572
p0382,valid,2518.6666666666665,2647.6666666666665,2663.6666666666665,120832,4992,48584
p0383,valid,2613.3333333333335,2742.3333333333335,2758.3333333333335,120832,4992,50724
p0384,valid,2367.5555555555557,2478.5555555555557,2494.5555555555557,141312,5632,52760
p0385,valid,2635.3333333333335,2746.3333333333335,2762.3333333333335,141312,5632,54900
p0386,valid,2399.777777777778,2510.777777777778,2526.777777777778,141312,5632,53912
p0387,valid,2666.222222222222,2777.222222222222,2793.222222222222,141312,5632,56052
p0388,valid,2539.1111111111113,2650.1111111111113,2666.1111111111113,141312,5632,55064
p0389,valid,2698.222222222222,2809.222222222222,2825.222222222222,141312,5632,57204
p0390,valid,2349.5555555555557,2478.5555555555557,2494.5555555555557,129024,5248,52112
p0391,valid,2617.3333333333335,2746.3333333333335,2762.3333333333335,129024,5248,54252
p0392,valid,2381.777777777778,2510.777777777778,2526.777777777778,129024,5248,53264
p0393,valid,2648.222222222222,2777.222222222222,2793.222222222222,129024,5248,55404
p0394,valid,2521.1111111111113,2650.1111111111113,2666.1111111111113,129024,5248,54416
p0395,valid,2680.222222222222,2809.222222222222,2825.222222222222,129024,5248,56556
p0396,valid,2358.4444444444443,2469.4444444444443,2485.4444444444443,92160,4096,46928
p0397,valid,2750.5555555555557,2861.5555555555557,2877.5555555555557,92160,4096,49068
p0398,valid,2358.4444444444443,2469.4444444444443,2485.4444444444443,92160,4096,48080
p0399,valid,2750.5555555555557,2861.5555555555557,2877.5555555555557,92160,4096,50220
p0400,valid,2358.4444444444443,2469.4444444444443,2485.4444444444443,92160,4096,49232
p0401,valid,2750.5555555555557,2861.5555555555557,2877.5555555555557,92160,4096,51372
p0402,valid,2340.4444444444443,2469.4444444444443,2485.4444444444443,79872,3712,46280
p0403,valid,2599.4444444444443,2728.4444444444443,2744.4444444444443,79872,3712,48420
p0404,valid,2340.4444444444443,2469.4444444444443,2485.4444444444443,79872,3712,47432
p0405,valid,2599.4444444444443,2728.4444444444443,2744.4444444444443,79872,3712,49572
p0406,valid,2340.4444444444443,2469.4444444444443,2485.4444444444443,79872,3712,48584
p0407,valid,2599.4444444444443,2728.4444444444443,2744.4444444444443,79872,3712,50724
p0408,valid,2366.777777777778,2477.777777777778,2493.777777777778,165888,6400,52760
p0409,valid,2624.777777777778,2735.777777777778,2751.777777777778,165888,6400,54900
p0410,valid,2398.777777777778,2509.777777777778,2525.777777777778,165888,6400,53912
p0411,valid,2656.777777777778,2767.777777777778,2783.777777777778,165888,6400,56052
p0412,valid,2430.777777777778,2541.777777777778,2557.777777777778,165888,6400,55064
p0413,valid,2688.777777777778,2799.777777777778,2815.777777777778,165888,6400,57204
p0414,valid,2348.777777777778,2477.777777777778,2493.777777777778,153600,6016,52112
p0415,valid,2605.4444444444443,2734.4444444444443,2750.4444444444443,153600,6016,54252
p0416,valid,2380.777777777778,2509.777777777778,2525.777777777778,153600,6016,53264
p0417,valid,2637.4444444444443,2766.4444444444443,2782.4444444444443,153600,6016,55404
p0418,valid,2412.777777777778,2541.777777777778,2557.777777777778,153600,6016,54416
p0419,valid,2669.4444444444443,2798.4444444444443,2814.4444444444443,153600,6016,56556
p0420,valid,2468.1111111111113,2579.1111111111113,2595.1111111111113,116736,4864,46928
p0421,valid,2629.6666666666665,2740.6666666666665,2756.6666666666665,116736,4864,49068
p0422,valid,2468.1111111111113,2579.1111111111113,2595.1111111111113,116736,4864,48080
p0423,valid,2629.6666666666665,2740.6666666666665,2756.6666666666665,116736,4864,50220
p0424,valid,2468.1111111111113,2579.1111111111113,2595.1111111111113,116736,4864,49232
p0425,valid,2629.6666666666665,2740.6666666666665,2756.6666666666665,116736,4864,51372
p0426,valid,2450.1111111111113,2579.1111111111113,2595.1111111111113,104448,4480,46280
p0427,valid,2678.5555555555557,2807.5555555555557,2823.5555555555557,104448,4480,48420
p0428,valid,2450.1111111111113,2579.1111111111113,2595.1111111111113,104448,4480,47432
p0429,valid,2678.5555555555557,2807.5555555555557,2823.5555555555557,104448,4480,49572
p0430,valid,2450.1111111111113,2579.1111111111113,2595.1111111111113,104448,4480,48584
p0431,valid,2678.5555555555557,2807.5555555555557,2823.5555555555557,104448,4480,50724
p0432,valid,2536.8888888888887,2638.8888888888887,2654.8888888888887,124928,5120,52760
p0433,valid,2636.4444444444443,2738.4444444444443,2754.4444444444443,124928,5120,54900
p0434,valid,2558.8888888888887,2660.8888888888887,2676.8888888888887,124928,5120,53912
p0435,valid,2668.222222222222,2770.222222222222,2786.222222222222,124928,5120,56052
p0436,valid,2725.8888888888887,2827.8888888888887,2843.8888888888887,124928,5120,55064
p0437,valid,2699.1111111111113,2801.1111111111113,2817.1111111111113,124928,5120,57204
p0438,valid,2500.8888888888887,2638.8888888888887,2654.8888888888887,112640,4736,51464
p0439,valid,2599.1111111111113,2737.1111111111113,2753.1111111111113,112640,4736,53604
p0440,valid,2522.8888888888887,2660.8888888888887,2676.8888888888887,112640,4736,52616
p0441,valid,2632.222222222222,2770.222222222222,2786.222222222222,112640,4736,54756
p0442,valid,2689.8888888888887,2827.8888888888887,2843.8888888888887,112640,4736,53768
p0443,valid,2663.1111111111113,2801.1111111111113,2817.1111111111113,112640,4736,55908
p0444,valid,2396.777777777778,2498.777777777778,2514.777777777778,75776,3584,47576
p0445,valid,2739.777777777778,2841.777777777778,2857.777777777778,75776,3584,49716
p0446,valid,2396.777777777778,2498.777777777778,2514.777777777778,75776,3584,48728
p0447,valid,2739.777777777778,2841.777777777778,2857.777777777778,75776,3584,50868
p0448,valid,2396.777777777778,2498.777777777778,2514.777777777778,75776,3584,49880
p0449,valid,2739.777777777778,2841.777777777778,2857.777777777778,75776,3584,52020
p0450,valid,2362.1111111111113,2500.1111111111113,2516.1111111111113,63488,3200,46280
p0451,valid,2619.777777777778,2757.777777777778,2773.777777777778,63488,3200,48420
p0452,valid,2362.1111111111113,2500.1111111111113,2516.1111111111113,63488,3200,47432
p0453,valid,2619.777777777778,2757.777777777778,2773.777777777778,63488,3200,49572
p0454,valid,2362.1111111111113,2500.1111111111113,2516.1111111111113,63488,3200,48584
p0455,valid,2619.777777777778,2757.777777777778,2773.777777777778,63488,3200,50724
p0456,valid,2525.0,2627.0,2643.0,182272,6912,52760
p0457,valid,2783.0,2885.0,2901.0,182272,6912,54900
p0458,valid,2525.0,2627.0,2643.0,182272,6912,53912
p0459,valid,2783.0,2885.0,2901.0,182272,6912,56052
p0460,valid,2525.0,2627.0,2643.0,182272,6912,55064
p0461,valid,2783.0,2885.0,2901.0,182272,6912,57204
p0462,valid,2489.0,2627.0,2643.0,169984,6528,51464
p0463,valid,2745.6666666666665,2883.6666666666665,2899.6666666666665,169984,6528,53604
p0464,valid,2489.0,2627.0,2643.0,169984,6528,52616
p0465,valid,2745.6666666666665,2883.6666666666665,2899.6666666666665,169984,6528,54756
p0466,valid,2489.0,2627.0,2643.0,169984,6528,53768
p0467,valid,2745.6666666666665,2883.6666666666665,2899.6666666666665,169984,6528,55908
p0468,valid,2571.4444444444443,2673.4444444444443,2689.4444444444443,133120,5376,47576
p0469,valid,2666.1111111111113,2768.1111111111113,2784.1111111111113,133120,5376,49716
p0470,valid,2571.4444444444443,2673.4444444444443,2689.4444444444443,133120,5376,48728
p0471,valid,2666.1111111111113,2768.1111111111113,2784.1111111111113,133120,5376,50868
p0472,valid,2571.4444444444443,2673.4444444444443,2689.4444444444443,133120,5376,49880
p0473,valid,2666.1111111111113,2768.1111111111113,2784.1111111111113,133120,5376,52020
p0474,valid,2535.4444444444443,2673.4444444444443,2689.4444444444443,120832,4992,46280
p0475,valid,2630.1111111111113,2768.1111111111113,2784.1111111111113,120832,4992,48420
p0476,valid,2535.4444444444443,2673.4444444444443,2689.4444444444443,120832,4992,47432
p0477,valid,2630.1111111111113,2768.1111111111113,2784.1111111111113,120832,4992,49572
p0478,valid,2535.4444444444443,2673.4444444444443,2689.4444444444443,120832,4992,48584
p0479,valid,2630.1111111111113,2768.1111111111113,2784.1111111111113,120832,4992,50724
p0480,valid,2536.8888888888887,2638.8888888888887,2654.8888888888887,124928,5120,52760
p0481,valid,2636.4444444444443,2738.4444444444443,2754.4444444444443,124928,5120,54900
p0482,valid,2558.8888888888887,2660.8888888888887,2676.8888888888887,124928,5120,53912
p0483,valid,2667.1111111111113,2769.1111111111113,2785.1111111111113,124928,5120,56052
p0484,valid,2725.8888888888887,2827.8888888888887,2843.8888888888887,124928,5120,55064
p0485,valid,2699.1111111111113,2801.1111111111113,2817.1111111111113,124928,5120,57204
p0486,valid,2500.8888888888887,2638.8888888888887,2654.8888888888887,112640,4736,51464
p0487,valid,2599.1111111111113,2737.1111111111113,2753.1111111111113,112640,4736,53604
p0488,valid,2522.8888888888887,2660.8888888888887,2676.8888888888887,112640,4736,52616
p0489,valid,2631.1111111111113,2769.1111111111113,2785.1111111111113,112640,4736,54756
p0490,valid,2689.8888888888887,2827.8888888888887,2843.8888888888887,112640,4736,53768
p0491,valid,2663.1111111111113,2801.1111111111113,2817.1111111111113,112640,4736,55908
p0492,valid,2396.777777777778,2498.777777777778,2514.777777777778,75776,3584,47576
p0493,valid,2739.777777777778,2841.777777777778,2857.777777777778,75776,3584,49716
p0494,valid,2396.777777777778,2498.777777777778,2514.777777777778,75776,3584,48728
p0495,valid,2739.777777777778,2841.777777777778,2857.777777777778,75776,3584,50868
p0496,valid,2396.777777777778,2498.777777777778,2514.777777777778,75776,3584,49880
p0497,valid,2739.777777777778,2841.777777777778,2857.777777777778,75776,3584,52020
p0498,valid,2362.1111111111113,2500.1111111111113,2516.1111111111113,63488,3200,46280
p0499,valid,2619.777777777778,2757.777777777778,2773.777777777778,63488,3200,48420
p0500,valid,2362.1111111111113,2500.1111111111113,2516.1111111111113,63488,3200,47432
p0501,valid,2619.777777777778,2757.777777777778,2773.777777777778,63488,3200,49572
p0502,valid,2362.1111111111113,2500.1111111111113,2516.1111111111113,63488,3200,48584
p0503,valid,2619.777777777778,2757.777777777778,2773.777777777778,63488,3200,50724
p0504,valid,2525.0,2627.0,2643.0,182272,6912,52760
p0505,valid,2783.0,2885.0,2901.0,182272,6912,54900
p0506,valid,2525.0,2627.0,2643.0,182272,6912,53912
p0507,valid,2783.0,2885.0,2901.0,182272,6912,56052
p0508,valid,2525.0,2627.0,2643.0,182272,6912,55064
p0509,valid,2783.0,2885.0,2901.0,182272,6912,57204
p0510,valid,2489.0,2627.0,2643.0,169984,6528,51464
p0511,valid,2745.6666666666665,2883.6666666666665,2899.6666666666665,169984,6528,53604
p0512,valid,2489.0,2627.0,2643.0,169984,6528,52616
p0513,valid,2745.6666666666665,2883.6666666666665,2899.6666666666665,169984,6528,54756
p0514,valid,2489.0,2627.0,2643.0,169984,6528,53768
p0515,valid,2745.6666666666665,2883.6666666666665,2899.6666666666665,169984,6528,55908
p0516,valid,2571.4444444444443,2673.4444444444443,2689.4444444444443,133120,5376,47576
p0517,valid,2666.1111111111113,2768.1111111111113,2784.1111111111113,133120,5376,49716
p0518,valid,2571.4444444444443,2673.4444444444443,2689.4444444444443,133120,5376,48728
p0519,valid,2666.1111111111113,2768.1111111111113,2784.1111111111113,133120,5376,50868
p0520,valid,2571.4444444444443,2673.4444444444443,2689.4444444444443,133120,5376,49880
p0521,valid,2666.1111111111113,2768.1111111111113,2784.1111111111113,133120,5376,52020
p0522,valid,2535.4444444444443,2673.4444444444443,2689.4444444444443,120832,4992,46280
p0523,valid,2630.1111111111113,2768.1111111111113,2784.1111111111113,120832,4992,48420
p0524,valid,2535.4444444444443,2673.4444444444443,2689.4444444444443,120832,4992,47432
p0525,valid,2630.1111111111113,2768.1111111111113,2784.1111111111113,120832,4992,49572
p0526,valid,2535.4444444444443,2673.4444444444443,2689.4444444444443,120832,4992,48584
p0527,valid,2630.1111111111113,2768.1111111111113,2784.1111111111113,120832,4992,50724
p0528,valid,2367.5555555555557,2469.5555555555557,2485.5555555555557,141312,5632,52760
p0529,valid,2635.3333333333335,2737.3333333333335,2753.3333333333335,141312,5632,54900
p0530,valid,2399.777777777778,2501.777777777778,2517.777777777778,141312,5632,53912
p0531,valid,2666.222222222222,2768.222222222222,2784.222222222222,141312,5632,56052
p0532,valid,2539.5555555555557,2641.5555555555557,2657.5555555555557,141312,5632,55064
p0533,valid,2698.222222222222,2800.222222222222,2816.222222222222,141312,5632,57204
p0534,valid,2331.5555555555557,2469.5555555555557,2485.5555555555557,129024,5248,51464
p0535,valid,2599.3333333333335,2737.3333333333335,2753.3333333333335,129024,5248,53604
p0536,valid,2363.777777777778,2501.777777777778,2517.777777777778,129024,5248,52616
p0537,valid,2630.222222222222,2768.222222222222,2784.222222222222,129024,5248,54756
p0538,valid,2503.5555555555557,2641.5555555555557,2657.5555555555557,129024,5248,53768
p0539,valid,2662.222222222222,2800.222222222222,2816.222222222222,129024,5248,55908
p0540,valid,2396.777777777778,2498.777777777778,2514.777777777778,92160,4096,47576
p0541,valid,2750.5555555555557,2852.5555555555557,2868.5555555555557,92160,4096,49716
p0542,valid,2396.777777777778,2498.777777777778,2514.777777777778,92160,4096,48728
p0543,valid,2750.5555555555557,2852.5555555555557,2868.5555555555557,92160,4096,50868
p0544,valid,2396.777777777778,2498.777777777778,2514.777777777778,92160,4096,49880
p0545,valid,2750.5555555555557,2852.5555555555557,2868.5555555555557,92160,4096,52020
p0546,valid,2362.1111111111113,2500.1111111111113,2516.1111111111113,79872,3712,46280
p0547,valid,2619.777777777778,2757.777777777778,2773.777777777778,79872,3712,48420
p0548,valid,2362.1111111111113,2500.1111111111113,2516.1111111111113,79872,3712,47432
p0549,valid,2619.777777777778,2757.777777777778,2773.777777777778,79872,3712,49572
p0550,valid,2362.1111111111113,2500.1111111111113,2516.1111111111113,79872,3712,48584
p0551,valid,2619.777777777778,2757.777777777778,2773.777777777778,79872,3712,50724
p0552,valid,2366.777777777778,2468.777777777778,2484.777777777778,165888,6400,52760
p0553,valid,2624.777777777778,2726.777777777778,2742.777777777778,165888,6400,54900
p0554,valid,2398.777777777778,2500.777777777778,2516.777777777778,165888,6400,53912
p0555,valid,2656.777777777778,2758.777777777778,2774.777777777778,165888,6400,56052
p0556,valid,2430.777777777778,2532.777777777778,2548.777777777778,165888,6400,55064
p0557,valid,2688.777777777778,2790.777777777778,2806.777777777778,165888,6400,57204
p0558,valid,2330.777777777778,2468.777777777778,2484.777777777778,153600,6016,51464
p0559,valid,2587.4444444444443,2725.4444444444443,2741.4444444444443,153600,6016,53604
p0560,valid,2362.777777777778,2500.777777777778,2516.777777777778,153600,6016,52616
p0561,valid,2619.4444444444443,2757.4444444444443,2773.4444444444443,153600,6016,54756
p0562,valid,2394.777777777778,2532.777777777778,2548.777777777778,153600,6016,53768
p0563,valid,2651.4444444444443,2789.4444444444443,2805.4444444444443,153600,6016,55908
p0564,valid,2451.4444444444443,2553.4444444444443,2569.4444444444443,116736,4864,47576
p0565,valid,2666.1111111111113,2768.1111111111113,2784.1111111111113,116736,4864,49716
p0566,valid,2451.4444444444443,2553.4444444444443,2569.4444444444443,116736,4864,48728
p0567,valid,2666.1111111111113,2768.1111111111113,2784.1111111111113,116736,4864,50868
p0568,valid,2451.4444444444443,2553.4444444444443,2569.4444444444443,116736,4864,49880
p0569,valid,2666.1111111111113,2768.1111111111113,2784.1111111111113,116736,4864,52020
p0570,valid,2415.4444444444443,2553.4444444444443,2569.4444444444443,104448,4480,46280
p0571,valid,2678.5555555555557,2816.5555555555557,2832.5555555555557,104448,4480,48420
p0572,valid,2415.4444444444443,2553.4444444444443,2569.4444444444443,104448,4480,47432
p0573,valid,2678.5555555555557,2816.5555555555557,2832.5555555555557,104448,4480,49572
p0574,valid,2415.4444444444443,2553.4444444444443,2569.4444444444443,104448,4480,48584
p0575,valid,2678.5555555555557,2816.5555555555557,2832.5555555555557,104448,4480,50724
