config,seeds,tasks,A_mean,A_p95,A2_mean,A2_p95,B_mean,B_p95,C_mean,C_p95,B_paired_reduction_pct,B_normal95_low,B_normal95_high,B_wins,B_losses,C_paired_reduction_pct,C_normal95_low,C_normal95_high,C_wins,C_losses
chain_deterministic,20,12,540.0,540.0,540.0,540.0,540.0,540.0,540.0,540.0,0.0,0.0,0.0,0,0,0.0,0.0,0.0,0,0
chain_memory_cov06,20,12,544.519924670562,570.1328649979706,544.519924670562,570.1328649979706,544.519924670562,570.1328649979706,544.519924670562,570.1328649979706,0.0,0.0,0.0,0,0,0.0,0.0,0.0,0,0
fork_join_deterministic,20,10,170.0,170.0,170.0,170.0,170.0,170.0,170.0,170.0,0.0,0.0,0.0,0,0,0.0,0.0,0.0,0,0
fork_join_memory_cov06,20,10,169.421233765574,192.8522222251001,169.421233765574,192.8522222251001,169.421233765574,192.8522222251001,169.421233765574,192.8522222251001,0.0,0.0,0.0,0,0,0.0,0.0,0.0,0,0
diamond_deterministic,20,11,185.0,185.0,185.0,185.0,185.0,185.0,185.0,185.0,0.0,0.0,0.0,0,0,0.0,0.0,0.0,0,0
diamond_memory_cov06,20,11,183.8685225440471,211.27244597280253,183.8685225440471,211.27244597280253,183.8685225440471,211.27244597280253,183.8685225440471,211.27244597280253,0.0,0.0,0.0,0,0,0.0,0.0,0.0,0,0
critical_background_deterministic,20,14,180.0,180.0,180.0,180.0,180.0,180.0,180.0,180.0,0.0,0.0,0.0,0,0,0.0,0.0,0.0,0,0
critical_background_memory_cov06,20,14,183.84196721622806,202.8522222251001,183.84196721622806,202.8522222251001,188.1130930161865,200.0,190.1130930161865,200.0,-2.3826264362510328,-4.440756722091471,-0.3244961504105941,2,6,-3.493737547362144,-5.820089248279035,-1.167385846445253,2,8
pipeline_deterministic,20,30,613.0,613.0,613.0,613.0,613.0,613.0,613.0,613.0,0.0,0.0,0.0,0,0,0.0,0.0,0.0,0,0
pipeline_memory_cov06,20,30,623.5276448824267,661.0759065223252,623.5276448824267,661.0759065223252,623.5276448824267,661.0759065223252,623.5276448824267,661.0759065223252,0.0,0.0,0.0,0,0,0.0,0.0,0.0,0,0
llm_prefill_deterministic,20,36,648.0,648.0,648.0,648.0,648.0,648.0,663.0,663.0,0.0,0.0,0.0,0,0,-2.314814814814815,-2.314814814814815,-2.314814814814815,0,20
llm_prefill_memory_cov06,20,36,673.4402259383011,715.1785182820321,679.821088891171,726.0317543547156,673.5964630910894,723.7861277811872,673.5964630910894,723.7861277811872,0.9194196583201885,0.15598257453759556,1.6828567421027814,6,0,0.9194196583201885,0.15598257453759556,1.6828567421027814,6,0
llm_decode_deterministic,20,36,1365.0,1365.0,1365.0,1365.0,1365.0,1365.0,1365.0,1365.0,0.0,0.0,0.0,0,0,0.0,0.0,0.0,0,0
llm_decode_memory_cov06,20,36,1346.6197850244369,1801.9103820766427,1347.9703445310367,1790.6404208410938,1347.9703445310367,1790.6404208410938,1354.0307498484237,1815.7943584780382,0.0,0.0,0.0,0,0,-0.4613324159265745,-0.8532578115897964,-0.0694070202633526,0,7
dit_cfg_deterministic,20,96,1527.0,1527.0,1527.0,1527.0,1527.0,1527.0,1602.0,1602.0,0.0,0.0,0.0,0,0,-4.911591355599215,-4.911591355599215,-4.911591355599215,0,20
dit_cfg_memory_cov06,20,96,1527.3464666807006,1588.0889524594331,1527.3464666807006,1588.0889524594331,1523.0813463930822,1588.0889524594331,1562.6072898489497,1714.719245465918,0.2811545915125328,0.13643789197538272,0.4258712910496829,12,0,-2.2447478577134676,-3.6953023551825614,-0.7941933602443736,6,14
uncertainty_0.1,20,10,169.90039531178414,173.46463823780897,169.90039531178414,173.46463823780897,169.90039531178414,173.46463823780897,169.90039531178414,173.46463823780897,0.0,0.0,0.0,0,0,0.0,0.0,0.0,0,0
uncertainty_0.3,20,10,169.70398748676692,181.1076177756674,169.70398748676692,181.1076177756674,169.70398748676692,181.1076177756674,169.70398748676692,181.1076177756674,0.0,0.0,0.0,0,0,0.0,0.0,0.0,0,0
uncertainty_1.0,20,10,169.0646702216056,205.93031703934875,169.0646702216056,205.93031703934875,169.0646702216056,205.93031703934875,169.0646702216056,205.93031703934875,0.0,0.0,0.0,0,0,0.0,0.0,0.0,0,0
heavy_tail,20,10,174.22067201060852,202.40216706610948,174.22067201060852,202.40216706610948,174.22067201060852,202.40216706610948,174.22067201060852,202.40216706610948,0.0,0.0,0.0,0,0,0.0,0.0,0.0,0,0
cores_4,20,60,705.4850924491482,758.6474126567432,705.4850924491482,758.6474126567432,705.4850924491482,758.6474126567432,710.8536669656322,758.6474126567432,0.0,0.0,0.0,0,0,-0.7068756615186264,-1.75696924131928,0.3432179182820273,0,3
cores_8,20,120,1006.51927362049,1083.682892165285,1006.51927362049,1083.682892165285,990.3300026407929,1098.4448145319343,1079.3305129318212,1196.816957236948,1.7182592985673684,-0.918865579468866,4.355384176603603,13,7,-7.216930621499953,-8.655107303506998,-5.778753939492909,0,20
clusters_2_central,20,50,629.7454950318594,689.6484712870607,629.7454950318594,689.6484712870607,657.088014147801,745.8528067605649,657.088014147801,745.8528067605649,-4.311956996515957,-5.820670771022469,-2.803243222009446,0,20,-4.311956996515955,-5.820670771022466,-2.8032432220094448,0,20
clusters_2_local,20,50,629.221921562873,689.6484712870607,629.221921562873,689.6484712870607,655.6929289540316,743.8528067605649,655.6929289540316,743.8528067605649,-4.175955963891035,-5.701366971536803,-2.6505449562452656,0,20,-4.175955963891035,-5.701366971536804,-2.650544956245265,0,20
equal_budget_clusters_2_central,20,50,629.7454950318594,689.6484712870607,629.7454950318594,689.6484712870607,657.088014147801,745.8528067605649,657.088014147801,745.8528067605649,-4.311956996515957,-5.820670771022469,-2.803243222009446,0,20,-4.311956996515955,-5.820670771022466,-2.8032432220094448,0,20
equal_budget_clusters_2_local,20,50,631.2199420205164,691.6484712870607,631.2199420205164,691.6484712870607,657.6876624483787,745.8528067605649,657.6876624483787,745.8528067605649,-4.161922030784465,-5.686112919565345,-2.6377311420035854,0,20,-4.161922030784465,-5.686112919565346,-2.637731142003585,0,20
clusters_4_central,20,98,830.812055675947,876.8461955900435,838.5178534725644,915.7168312519162,839.2631506085721,894.5918886124198,839.263150608572,894.5918886124197,-0.18899010587179182,-1.7237254250090142,1.3457452132654306,9,11,-0.18899010587178852,-1.7237254250090095,1.3457452132654326,9,11
clusters_4_local,20,98,829.7418152013881,876.8461955900435,836.1569640585265,913.7168312519162,835.1466174418385,888.5918886124198,835.1466174418385,888.5918886124197,0.02832202925092533,-1.4228432934737816,1.4794873519756324,9,11,0.028322029250928013,-1.4228432934737785,1.4794873519756346,9,11
equal_budget_clusters_4_central,20,98,829.7418152013881,876.8461955900435,836.8696845733018,913.7168312519162,836.0377667501851,890.5918886124198,836.0377667501851,890.5918886124197,0.0023923138132735887,-1.5061752457467081,1.5109598733732552,9,11,0.0023923138132775357,-1.5061752457467035,1.5109598733732585,9,11
equal_budget_clusters_4_local,20,98,831.7398356590315,877.8461955900435,839.0970745437866,914.7168312519162,837.2214500277581,890.5918886124198,837.221450027758,890.5918886124197,0.13161478078936723,-1.3349184478740506,1.5981480094527851,9,11,0.1316147807893699,-1.3349184478740486,1.5981480094527885,9,11
chips_2_memory,20,50,624.523487369651,645.8374248629802,624.523487369651,645.8374248629802,651.9509571818875,696.5798582144837,651.9509571818875,696.5798582144837,-4.417926850215121,-6.021531426666916,-2.8143222737633256,1,19,-4.417926850215121,-6.021531426666916,-2.8143222737633256,1,19
chips_2_communication,20,50,618.0174802497609,662.2729485460812,618.0174802497609,662.2729485460812,664.5897101849396,712.2729485460812,664.5897101849396,712.2729485460812,-7.529563453536539,-7.84054184757984,-7.218585059493239,0,20,-7.5295634535365386,-7.84054184757984,-7.218585059493237,0,20
chips_2_memory_communication,20,50,629.221921562873,689.6484712870607,629.221921562873,689.6484712870607,655.6929289540316,743.8528067605649,655.6929289540316,743.8528067605649,-4.175955963891035,-5.701366971536803,-2.6505449562452656,0,20,-4.175955963891035,-5.701366971536804,-2.650544956245265,0,20
chips_4_memory,20,98,832.5383712409214,853.8374248629802,832.5383712409214,853.8374248629802,843.249561431676,856.8183747718924,843.249561431676,856.8183747718924,-1.3267338795223032,-2.4614911291386705,-0.19197662990593578,7,13,-1.3267338795223032,-2.4614911291386705,-0.19197662990593578,7,13
chips_4_communication,20,98,818.537373888276,861.4627287140157,822.2351251749432,863.4627287140156,865.1096038234547,911.4627287140156,865.1096038234547,911.4627287140157,-5.237059208394762,-5.621001635796899,-4.853116780992625,0,20,-5.237059208394766,-5.621001635796904,-4.853116780992628,0,20
chips_4_memory_communication,20,98,829.7418152013881,876.8461955900435,836.8696845733018,913.7168312519162,836.0377667501851,890.5918886124198,836.0377667501851,890.5918886124197,0.0023923138132735887,-1.5061752457467081,1.5109598733732552,9,11,0.0023923138132775357,-1.5061752457467035,1.5109598733732585,9,11
grain_1_cost_0,20,20,427.38896519366153,475.4061232010024,429.2328091034845,459.8419967980788,429.2328091034845,459.8419967980788,443.62453235388637,484.3280797684946,0.0,0.0,0.0,0,0,-3.3364363432508584,-3.9616034654518657,-2.711269221049851,0,20
grain_1_cost_2,20,20,471.5819334653375,519.4061232010024,473.33627882854415,503.8419967980788,483.6316333971357,524.3280797684946,483.6316333971357,524.3280797684946,-2.1587460811168824,-2.7324544835913818,-1.585037678642383,0,20,-2.1587460811168824,-2.7324544835913818,-1.585037678642383,0,20
grain_2_cost_0,20,40,338.5195323116296,369.2040429611258,338.5195323116296,369.2040429611258,339.20541518584196,371.9794671957429,360.5560399782737,398.8671014847485,-0.23876005125724042,-1.1961466918522792,0.7186265893377984,4,4,-6.478184503473154,-7.5351311223786315,-5.421237884567677,0,20
grain_2_cost_2,20,40,382.9839539922506,412.94311258932964,382.9839539922506,412.94311258932964,380.3578905364499,417.4103421138746,397.3398655558892,440.0951683181371,0.6769720003740388,-0.4121119930274221,1.7660559937754998,14,6,-3.7501952406899903,-4.399992489370358,-3.1003979920096234,0,20
grain_4_cost_0,20,80,336.74415899722345,360.40303222084435,338.2289778653774,358.47547385133896,335.98093763517323,351.97305154285453,354.86882515148284,389.2040429611258,0.6429613294405379,0.1895754366181449,1.096347222262931,9,3,-4.872838304476879,-6.487207330125081,-3.2584692788286773,2,18
grain_4_cost_2,20,80,410.2881883842364,438.05315826756527,410.2881883842364,438.05315826756527,402.0960414075282,425.66862581744607,408.6356794095692,441.87590702137993,1.947551746108558,1.1199076182612366,2.7751958739558793,17,3,0.41281395249020597,-0.23739570854771103,1.063023613528123,10,10
window_2,20,30,655.5276448824267,693.0759065223252,655.5276448824267,693.0759065223252,673.1058656099988,706.2014147073011,673.1058656099988,706.2014147073011,-2.6920880615726257,-3.2284571857523283,-2.155718937392923,0,20,-2.6920880615726257,-3.2284571857523283,-2.155718937392923,0,20
window_8,20,30,655.5276448824267,693.0759065223252,655.5276448824267,693.0759065223252,684.9393800180762,731.2812612560517,684.9393800180762,731.2812612560517,-4.484178105482526,-5.3117182750907626,-3.656637935874289,0,20,-4.484178105482526,-5.3117182750907626,-3.656637935874289,0,20
window_32,20,30,655.5276448824267,693.0759065223252,655.5276448824267,693.0759065223252,684.9393800180762,731.2812612560517,684.9393800180762,731.2812612560517,-4.484178105482526,-5.3117182750907626,-3.656637935874289,0,20,-4.484178105482526,-5.3117182750907626,-3.656637935874289,0,20
wakeup_1,20,18,197.94079330408994,234.37782634779919,192.8240479354669,218.37782634779916,192.8240479354669,218.37782634779916,192.8240479354669,218.37782634779916,0.0,0.0,0.0,0,0,0.0,0.0,0.0,0,0
wakeup_2,20,18,184.330414952343,218.37782634779919,181.60271742910075,210.37782634779916,181.60271742910075,210.37782634779916,181.60271742910075,210.37782634779916,0.0,0.0,0.0,0,0,0.0,0.0,0.0,0,0
wakeup_8,20,18,179.6937166696679,208.26186032372982,179.6937166696679,208.26186032372982,179.6937166696679,208.26186032372982,179.6937166696679,208.26186032372982,0.0,0.0,0.0,0,0,0.0,0.0,0.0,0,0
byte_window_256,20,30,638.5276448824267,676.0759065223252,638.5276448824267,676.0759065223252,665.9893800180762,712.2812612560517,665.9893800180762,712.2812612560517,-4.298272935634969,-5.14268074554209,-3.453865125727849,0,20,-4.298272935634969,-5.14268074554209,-3.453865125727849,0,20
